/* SEED DATA DUMP FROM LIVE */

SET session_replication_role = replica;

-- Table: product_categories
INSERT INTO public.product_categories ("id", "created_at", "name", "description") VALUES (1, '2026-02-15T12:12:09.933322+00:00', 'Headlight', 'Main front lighting') ON CONFLICT DO NOTHING;
INSERT INTO public.product_categories ("id", "created_at", "name", "description") VALUES (2, '2026-02-15T12:12:09.933322+00:00', 'Fog Light', 'Auxiliary fog lights') ON CONFLICT DO NOTHING;
INSERT INTO public.product_categories ("id", "created_at", "name", "description") VALUES (3, '2026-02-15T12:12:09.933322+00:00', 'Signal Light', 'Turn signals') ON CONFLICT DO NOTHING;
INSERT INTO public.product_categories ("id", "created_at", "name", "description") VALUES (4, '2026-02-15T12:12:09.933322+00:00', 'Interior Light', 'Cabin lighting') ON CONFLICT DO NOTHING;
INSERT INTO public.product_categories ("id", "created_at", "name", "description") VALUES (5, '2026-02-15T12:12:09.933322+00:00', 'Brake Light', 'Rear brake lights') ON CONFLICT DO NOTHING;
INSERT INTO public.product_categories ("id", "created_at", "name", "description") VALUES (6, '2026-02-15T12:12:09.933322+00:00', 'Wiper', 'Windshield wipers') ON CONFLICT DO NOTHING;
INSERT INTO public.product_categories ("id", "created_at", "name", "description") VALUES (7, '2026-02-15T12:12:09.933322+00:00', 'Horn', 'Automotive horns') ON CONFLICT DO NOTHING;
INSERT INTO public.product_categories ("id", "created_at", "name", "description") VALUES (8, '2026-02-15T12:12:09.933322+00:00', 'Work Light', 'Off-road work lights') ON CONFLICT DO NOTHING;
INSERT INTO public.product_categories ("id", "created_at", "name", "description") VALUES (12, '2026-02-25T06:26:00.73996+00:00', 'Wheels', NULL) ON CONFLICT DO NOTHING;

-- Table: variant_categories
INSERT INTO public.variant_categories ("id", "created_at", "code", "description") VALUES (1, '2026-02-15T12:12:09.933322+00:00', 'H1', 'Single filament') ON CONFLICT DO NOTHING;
INSERT INTO public.variant_categories ("id", "created_at", "code", "description") VALUES (2, '2026-02-15T12:12:09.933322+00:00', 'H3', 'Fog light type') ON CONFLICT DO NOTHING;
INSERT INTO public.variant_categories ("id", "created_at", "code", "description") VALUES (3, '2026-02-15T12:12:09.933322+00:00', 'H4', 'Dual filament Hi/Lo') ON CONFLICT DO NOTHING;
INSERT INTO public.variant_categories ("id", "created_at", "code", "description") VALUES (4, '2026-02-15T12:12:09.933322+00:00', 'H7', 'Single filament') ON CONFLICT DO NOTHING;
INSERT INTO public.variant_categories ("id", "created_at", "code", "description") VALUES (5, '2026-02-15T12:12:09.933322+00:00', 'H8', 'Fog light type') ON CONFLICT DO NOTHING;
INSERT INTO public.variant_categories ("id", "created_at", "code", "description") VALUES (6, '2026-02-15T12:12:09.933322+00:00', 'H9', 'High beam type') ON CONFLICT DO NOTHING;
INSERT INTO public.variant_categories ("id", "created_at", "code", "description") VALUES (7, '2026-02-15T12:12:09.933322+00:00', 'H11', 'Single filament') ON CONFLICT DO NOTHING;
INSERT INTO public.variant_categories ("id", "created_at", "code", "description") VALUES (8, '2026-02-15T12:12:09.933322+00:00', 'H16', 'Low wattage fog') ON CONFLICT DO NOTHING;
INSERT INTO public.variant_categories ("id", "created_at", "code", "description") VALUES (9, '2026-02-15T12:12:09.933322+00:00', '9005', 'HB3 High beam') ON CONFLICT DO NOTHING;
INSERT INTO public.variant_categories ("id", "created_at", "code", "description") VALUES (10, '2026-02-15T12:12:09.933322+00:00', '9006', 'HB4 Low beam') ON CONFLICT DO NOTHING;
INSERT INTO public.variant_categories ("id", "created_at", "code", "description") VALUES (11, '2026-02-15T12:12:09.933322+00:00', '9012', 'HIR2') ON CONFLICT DO NOTHING;
INSERT INTO public.variant_categories ("id", "created_at", "code", "description") VALUES (12, '2026-02-15T12:12:09.933322+00:00', '880', 'Fog light') ON CONFLICT DO NOTHING;
INSERT INTO public.variant_categories ("id", "created_at", "code", "description") VALUES (13, '2026-02-15T12:12:09.933322+00:00', '881', 'Fog light') ON CONFLICT DO NOTHING;
INSERT INTO public.variant_categories ("id", "created_at", "code", "description") VALUES (14, '2026-02-15T12:12:09.933322+00:00', 'D1S', 'HID Xenon') ON CONFLICT DO NOTHING;
INSERT INTO public.variant_categories ("id", "created_at", "code", "description") VALUES (15, '2026-02-15T12:12:09.933322+00:00', 'D2S', 'HID Xenon') ON CONFLICT DO NOTHING;
INSERT INTO public.variant_categories ("id", "created_at", "code", "description") VALUES (16, '2026-02-15T12:12:09.933322+00:00', 'D3S', 'HID Xenon') ON CONFLICT DO NOTHING;
INSERT INTO public.variant_categories ("id", "created_at", "code", "description") VALUES (17, '2026-02-15T12:12:09.933322+00:00', 'D4S', 'HID Xenon') ON CONFLICT DO NOTHING;
INSERT INTO public.variant_categories ("id", "created_at", "code", "description") VALUES (18, '2026-02-15T12:12:09.933322+00:00', 'T10', 'W5W Wedge') ON CONFLICT DO NOTHING;
INSERT INTO public.variant_categories ("id", "created_at", "code", "description") VALUES (19, '2026-02-15T12:12:09.933322+00:00', 'T15', 'W16W Wedge') ON CONFLICT DO NOTHING;
INSERT INTO public.variant_categories ("id", "created_at", "code", "description") VALUES (20, '2026-02-15T12:12:09.933322+00:00', 'T20', '7440/7443 Wedge') ON CONFLICT DO NOTHING;
INSERT INTO public.variant_categories ("id", "created_at", "code", "description") VALUES (21, '2026-02-15T12:12:09.933322+00:00', 'T25', '3156/3157 Wedge') ON CONFLICT DO NOTHING;
INSERT INTO public.variant_categories ("id", "created_at", "code", "description") VALUES (22, '2026-02-15T12:12:09.933322+00:00', '1156', 'BA15S Bayonet') ON CONFLICT DO NOTHING;
INSERT INTO public.variant_categories ("id", "created_at", "code", "description") VALUES (23, '2026-02-15T12:12:09.933322+00:00', '1157', 'BAY15D Bayonet') ON CONFLICT DO NOTHING;
INSERT INTO public.variant_categories ("id", "created_at", "code", "description") VALUES (24, '2026-02-15T16:15:43.192829+00:00', 'H13', 'Created via App') ON CONFLICT DO NOTHING;
INSERT INTO public.variant_categories ("id", "created_at", "code", "description") VALUES (25, '2026-02-16T01:42:21.081737+00:00', '9012 (HIR2)', 'Created via App') ON CONFLICT DO NOTHING;
INSERT INTO public.variant_categories ("id", "created_at", "code", "description") VALUES (26, '2026-02-25T09:20:30.848373+00:00', 'Not Specified', 'Created via App') ON CONFLICT DO NOTHING;
INSERT INTO public.variant_categories ("id", "created_at", "code", "description") VALUES (27, '2026-02-25T09:22:59.119909+00:00', '6x139.7', 'Created via App') ON CONFLICT DO NOTHING;

-- Table: variant_definitions
INSERT INTO public.variant_definitions ("id", "created_at", "base_name", "variant_name", "display_name", "compatibility_list", "description", "is_active") VALUES (1, '2026-02-15T12:12:09.933322+00:00', 'LED Headlight Kit', 'H4/H7/9005/9006', 'Universal Kit (H4/H7/9005/9006)', ARRAY['H4', 'H7', '9005', '9006'], 'Fits multiple sockets with adapters', true) ON CONFLICT DO NOTHING;
INSERT INTO public.variant_definitions ("id", "created_at", "base_name", "variant_name", "display_name", "compatibility_list", "description", "is_active") VALUES (2, '2026-02-15T12:12:09.933322+00:00', 'LED Headlight Kit', 'H4/Hb2/9003', 'Hi/Lo Beam (H4)', ARRAY['H4', 'Hb2', '9003'], 'Standard high/low beam', true) ON CONFLICT DO NOTHING;
INSERT INTO public.variant_definitions ("id", "created_at", "base_name", "variant_name", "display_name", "compatibility_list", "description", "is_active") VALUES (3, '2026-02-15T12:12:09.933322+00:00', 'LED Headlight Kit', 'H7', 'Low Beam (H7)', ARRAY['H7'], 'Standard low beam', true) ON CONFLICT DO NOTHING;
INSERT INTO public.variant_definitions ("id", "created_at", "base_name", "variant_name", "display_name", "compatibility_list", "description", "is_active") VALUES (4, '2026-02-15T12:12:09.933322+00:00', 'LED Headlight Kit', 'H11/H8/H9', 'Single Beam (H11)', ARRAY['H11', 'H8', 'H9'], 'Standard single beam', true) ON CONFLICT DO NOTHING;
INSERT INTO public.variant_definitions ("id", "created_at", "base_name", "variant_name", "display_name", "compatibility_list", "description", "is_active") VALUES (5, '2026-02-15T12:12:09.933322+00:00', 'LED Headlight Kit', '9005/HB3', 'High Beam (9005)', ARRAY['9005', 'HB3'], 'Standard high beam', true) ON CONFLICT DO NOTHING;
INSERT INTO public.variant_definitions ("id", "created_at", "base_name", "variant_name", "display_name", "compatibility_list", "description", "is_active") VALUES (6, '2026-02-15T12:12:09.933322+00:00', 'LED Headlight Kit', '9006/HB4', 'Low Beam (9006)', ARRAY['9006', 'HB4'], 'Standard low beam', true) ON CONFLICT DO NOTHING;
INSERT INTO public.variant_definitions ("id", "created_at", "base_name", "variant_name", "display_name", "compatibility_list", "description", "is_active") VALUES (7, '2026-02-15T12:12:09.933322+00:00', 'LED Headlight Kit', '9012/HIR2', 'Single Beam (9012)', ARRAY['9012', 'HIR2'], 'Accessory light', true) ON CONFLICT DO NOTHING;
INSERT INTO public.variant_definitions ("id", "created_at", "base_name", "variant_name", "display_name", "compatibility_list", "description", "is_active") VALUES (8, '2026-02-15T12:12:09.933322+00:00', 'LED Fog Light', 'H11/H8/H16', 'Fog Universal (H11/H8/H16)', ARRAY['H11', 'H8', 'H16'], 'Universal fog light fitment', true) ON CONFLICT DO NOTHING;
INSERT INTO public.variant_definitions ("id", "created_at", "base_name", "variant_name", "display_name", "compatibility_list", "description", "is_active") VALUES (9, '2026-02-15T12:12:09.933322+00:00', 'LED Fog Light', '880/881', 'Fog (880/881)', ARRAY['880', '881'], 'Small fog light', true) ON CONFLICT DO NOTHING;
INSERT INTO public.variant_definitions ("id", "created_at", "base_name", "variant_name", "display_name", "compatibility_list", "description", "is_active") VALUES (10, '2026-02-15T12:12:09.933322+00:00', 'LED Signal', '1156/BA15S', 'Single Contact (1156)', ARRAY['1156', 'BA15S'], 'Turn signal / Reverse', true) ON CONFLICT DO NOTHING;
INSERT INTO public.variant_definitions ("id", "created_at", "base_name", "variant_name", "display_name", "compatibility_list", "description", "is_active") VALUES (11, '2026-02-15T12:12:09.933322+00:00', 'LED Signal', '7440/T20', 'Wedge Base (7440)', ARRAY['7440', 'T20'], 'Turn signal', true) ON CONFLICT DO NOTHING;
INSERT INTO public.variant_definitions ("id", "created_at", "base_name", "variant_name", "display_name", "compatibility_list", "description", "is_active") VALUES (12, '2026-02-15T12:12:09.933322+00:00', 'LED Brake', '1157/BAY15D', 'Double Contact (1157)', ARRAY['1157', 'BAY15D'], 'Brake/Tail light', true) ON CONFLICT DO NOTHING;
INSERT INTO public.variant_definitions ("id", "created_at", "base_name", "variant_name", "display_name", "compatibility_list", "description", "is_active") VALUES (13, '2026-02-15T12:12:09.933322+00:00', 'LED Brake', '7443/T20', 'Wedge Double (7443)', ARRAY['7443', 'T20'], 'Brake/Tail light', true) ON CONFLICT DO NOTHING;
INSERT INTO public.variant_definitions ("id", "created_at", "base_name", "variant_name", "display_name", "compatibility_list", "description", "is_active") VALUES (14, '2026-02-15T12:12:09.933322+00:00', 'Interior LED', 'T10/194/168', 'Wedge T10 (Universal)', ARRAY['T10', '194', '168'], 'Parking/Interior/Plate', true) ON CONFLICT DO NOTHING;
INSERT INTO public.variant_definitions ("id", "created_at", "base_name", "variant_name", "display_name", "compatibility_list", "description", "is_active") VALUES (15, '2026-02-15T12:12:09.933322+00:00', 'Interior LED', 'Festoon 31mm', 'Festoon 31mm', ARRAY['31mm'], 'Dome light', true) ON CONFLICT DO NOTHING;
INSERT INTO public.variant_definitions ("id", "created_at", "base_name", "variant_name", "display_name", "compatibility_list", "description", "is_active") VALUES (16, '2026-02-15T12:12:09.933322+00:00', 'Interior LED', 'Festoon 36mm', 'Festoon 36mm', ARRAY['36mm'], 'Dome light', true) ON CONFLICT DO NOTHING;
INSERT INTO public.variant_definitions ("id", "created_at", "base_name", "variant_name", "display_name", "compatibility_list", "description", "is_active") VALUES (17, '2026-02-15T16:02:47.309202+00:00', 'Simple Bulb', 'H13', 'H13', ARRAY['H13'], 'Standard H13', true) ON CONFLICT DO NOTHING;
INSERT INTO public.variant_definitions ("id", "created_at", "base_name", "variant_name", "display_name", "compatibility_list", "description", "is_active") VALUES (18, '2026-02-15T16:14:45.801102+00:00', 'Simple Bulb', 'H11', 'H11', ARRAY['H11'], 'Standard H11', true) ON CONFLICT DO NOTHING;
INSERT INTO public.variant_definitions ("id", "created_at", "base_name", "variant_name", "display_name", "compatibility_list", "description", "is_active") VALUES (19, '2026-02-15T16:15:38.740664+00:00', 'Simple Bulb', 'Festoon 41mm', 'Festoon 41mm', ARRAY['Festoon 41mm'], 'Standard Festoon 41mm', true) ON CONFLICT DO NOTHING;
INSERT INTO public.variant_definitions ("id", "created_at", "base_name", "variant_name", "display_name", "compatibility_list", "description", "is_active") VALUES (20, '2026-02-16T01:42:51.462139+00:00', 'Simple Bulb', 'D2S', 'D2S', ARRAY['D2S'], 'Standard D2S', true) ON CONFLICT DO NOTHING;
INSERT INTO public.variant_definitions ("id", "created_at", "base_name", "variant_name", "display_name", "compatibility_list", "description", "is_active") VALUES (21, '2026-02-16T01:43:42.742359+00:00', 'Simple Bulb', 'D1S', 'D1S', ARRAY['D1S'], 'Standard D1S', true) ON CONFLICT DO NOTHING;
INSERT INTO public.variant_definitions ("id", "created_at", "base_name", "variant_name", "display_name", "compatibility_list", "description", "is_active") VALUES (22, '2026-02-16T04:02:01.892255+00:00', 'Simple Bulb', '9005 (HB3)', '9005 (HB3)', ARRAY['9005 (HB3)'], 'Standard 9005 (HB3)', true) ON CONFLICT DO NOTHING;
INSERT INTO public.variant_definitions ("id", "created_at", "base_name", "variant_name", "display_name", "compatibility_list", "description", "is_active") VALUES (23, '2026-02-16T05:39:09.432152+00:00', 'Simple Bulb', '9012 (HIR2)', '9012 (HIR2)', ARRAY['9012 (HIR2)'], 'Standard 9012 (HIR2)', true) ON CONFLICT DO NOTHING;
INSERT INTO public.variant_definitions ("id", "created_at", "base_name", "variant_name", "display_name", "compatibility_list", "description", "is_active") VALUES (24, '2026-02-17T03:57:53.340187+00:00', 'Simple Bulb', 'H1', 'H1', ARRAY['H1'], 'Standard H1', true) ON CONFLICT DO NOTHING;
INSERT INTO public.variant_definitions ("id", "created_at", "base_name", "variant_name", "display_name", "compatibility_list", "description", "is_active") VALUES (25, '2026-02-17T03:58:47.351891+00:00', 'Simple Bulb', '9006 (HB4)', '9006 (HB4)', ARRAY['9006 (HB4)'], 'Standard 9006 (HB4)', true) ON CONFLICT DO NOTHING;
INSERT INTO public.variant_definitions ("id", "created_at", "base_name", "variant_name", "display_name", "compatibility_list", "description", "is_active") VALUES (26, '2026-02-17T04:02:21.484399+00:00', 'Simple Bulb', 'H27', 'H27', ARRAY['H27'], 'Standard H27', true) ON CONFLICT DO NOTHING;
INSERT INTO public.variant_definitions ("id", "created_at", "base_name", "variant_name", "display_name", "compatibility_list", "description", "is_active") VALUES (27, '2026-02-17T04:15:43.76334+00:00', 'Simple Bulb', 'H4', 'H4', ARRAY['H4'], 'Standard H4', true) ON CONFLICT DO NOTHING;
INSERT INTO public.variant_definitions ("id", "created_at", "base_name", "variant_name", "display_name", "compatibility_list", "description", "is_active") VALUES (28, '2026-02-17T23:12:03.507824+00:00', 'Simple Variant', '12"', '12"', ARRAY['12"'], 'Standard 12"', true) ON CONFLICT DO NOTHING;
INSERT INTO public.variant_definitions ("id", "created_at", "base_name", "variant_name", "display_name", "compatibility_list", "description", "is_active") VALUES (29, '2026-02-17T23:12:49.697065+00:00', 'Simple Variant', '16"', '16"', ARRAY['16"'], 'Standard 16"', true) ON CONFLICT DO NOTHING;
INSERT INTO public.variant_definitions ("id", "created_at", "base_name", "variant_name", "display_name", "compatibility_list", "description", "is_active") VALUES (30, '2026-02-17T23:13:24.789725+00:00', 'Simple Variant', '17"', '17"', ARRAY['17"'], 'Standard 17"', true) ON CONFLICT DO NOTHING;
INSERT INTO public.variant_definitions ("id", "created_at", "base_name", "variant_name", "display_name", "compatibility_list", "description", "is_active") VALUES (31, '2026-02-17T23:13:44.575145+00:00', 'Simple Variant', '18"', '18"', ARRAY['18"'], 'Standard 18"', true) ON CONFLICT DO NOTHING;
INSERT INTO public.variant_definitions ("id", "created_at", "base_name", "variant_name", "display_name", "compatibility_list", "description", "is_active") VALUES (32, '2026-02-17T23:14:03.960222+00:00', 'Simple Variant', '19"', '19"', ARRAY['19"'], 'Standard 19"', true) ON CONFLICT DO NOTHING;
INSERT INTO public.variant_definitions ("id", "created_at", "base_name", "variant_name", "display_name", "compatibility_list", "description", "is_active") VALUES (33, '2026-02-17T23:14:33.445326+00:00', 'Simple Variant', '20"', '20"', ARRAY['20"'], 'Standard 20"', true) ON CONFLICT DO NOTHING;
INSERT INTO public.variant_definitions ("id", "created_at", "base_name", "variant_name", "display_name", "compatibility_list", "description", "is_active") VALUES (34, '2026-02-17T23:15:07.52315+00:00', 'Simple Variant', '22"', '22"', ARRAY['22"'], 'Standard 22"', true) ON CONFLICT DO NOTHING;
INSERT INTO public.variant_definitions ("id", "created_at", "base_name", "variant_name", "display_name", "compatibility_list", "description", "is_active") VALUES (35, '2026-02-17T23:15:30.764856+00:00', 'Simple Variant', '24"', '24"', ARRAY['24"'], 'Standard 24"', true) ON CONFLICT DO NOTHING;
INSERT INTO public.variant_definitions ("id", "created_at", "base_name", "variant_name", "display_name", "compatibility_list", "description", "is_active") VALUES (36, '2026-02-17T23:16:00.635179+00:00', 'Simple Variant', '26"', '26"', ARRAY['26"'], 'Standard 26"', true) ON CONFLICT DO NOTHING;
INSERT INTO public.variant_definitions ("id", "created_at", "base_name", "variant_name", "display_name", "compatibility_list", "description", "is_active") VALUES (37, '2026-02-17T23:24:42.040657+00:00', 'Simple Variant', '14"', '14"', ARRAY['14"'], 'Standard 14"', true) ON CONFLICT DO NOTHING;
INSERT INTO public.variant_definitions ("id", "created_at", "base_name", "variant_name", "display_name", "compatibility_list", "description", "is_active") VALUES (38, '2026-02-17T23:33:26.320003+00:00', 'Simple Variant', '28"', '28"', ARRAY['28"'], 'Standard 28"', true) ON CONFLICT DO NOTHING;
INSERT INTO public.variant_definitions ("id", "created_at", "base_name", "variant_name", "display_name", "compatibility_list", "description", "is_active") VALUES (39, '2026-02-17T23:40:35.038579+00:00', 'Simple Variant', '10"', '10"', ARRAY['10"'], 'Standard 10"', true) ON CONFLICT DO NOTHING;
INSERT INTO public.variant_definitions ("id", "created_at", "base_name", "variant_name", "display_name", "compatibility_list", "description", "is_active") VALUES (40, '2026-02-17T23:41:09.010751+00:00', 'Simple Variant', '11"', '11"', ARRAY['11"'], 'Standard 11"', true) ON CONFLICT DO NOTHING;
INSERT INTO public.variant_definitions ("id", "created_at", "base_name", "variant_name", "display_name", "compatibility_list", "description", "is_active") VALUES (41, '2026-02-17T23:42:27.15767+00:00', 'Simple Variant', '13"', '13"', ARRAY['13"'], 'Standard 13"', true) ON CONFLICT DO NOTHING;
INSERT INTO public.variant_definitions ("id", "created_at", "base_name", "variant_name", "display_name", "compatibility_list", "description", "is_active") VALUES (42, '2026-02-18T02:05:33.075152+00:00', 'Simple Variant', 'H8/H9/H11', 'H8/H9/H11', ARRAY['H8/H9/H11'], 'Standard H8/H9/H11', true) ON CONFLICT DO NOTHING;
INSERT INTO public.variant_definitions ("id", "created_at", "base_name", "variant_name", "display_name", "compatibility_list", "description", "is_active") VALUES (43, '2026-02-18T02:32:11.970569+00:00', 'Simple Variant', 'H8/H9/H11/H16', 'H8/H9/H11/H16', ARRAY['H8/H9/H11/H16'], 'Standard H8/H9/H11/H16', true) ON CONFLICT DO NOTHING;
INSERT INTO public.variant_definitions ("id", "created_at", "base_name", "variant_name", "display_name", "compatibility_list", "description", "is_active") VALUES (44, '2026-02-18T02:37:31.97448+00:00', 'Simple Variant', 'H15', 'H15', ARRAY['H15'], 'Standard H15', true) ON CONFLICT DO NOTHING;
INSERT INTO public.variant_definitions ("id", "created_at", "base_name", "variant_name", "display_name", "compatibility_list", "description", "is_active") VALUES (45, '2026-02-18T03:06:51.222228+00:00', 'Simple Bulb', 'H4', 'H4', NULL, NULL, true) ON CONFLICT DO NOTHING;
INSERT INTO public.variant_definitions ("id", "created_at", "base_name", "variant_name", "display_name", "compatibility_list", "description", "is_active") VALUES (46, '2026-02-18T03:06:51.46566+00:00', 'Simple Bulb', 'H4', 'H4', NULL, NULL, true) ON CONFLICT DO NOTHING;
INSERT INTO public.variant_definitions ("id", "created_at", "base_name", "variant_name", "display_name", "compatibility_list", "description", "is_active") VALUES (47, '2026-02-18T03:06:52.034952+00:00', 'Simple Bulb', 'H4', 'H4', NULL, NULL, true) ON CONFLICT DO NOTHING;
INSERT INTO public.variant_definitions ("id", "created_at", "base_name", "variant_name", "display_name", "compatibility_list", "description", "is_active") VALUES (48, '2026-02-18T03:06:52.3715+00:00', 'Simple Bulb', 'H4', 'H4', NULL, NULL, true) ON CONFLICT DO NOTHING;
INSERT INTO public.variant_definitions ("id", "created_at", "base_name", "variant_name", "display_name", "compatibility_list", "description", "is_active") VALUES (49, '2026-02-18T03:12:55.25354+00:00', 'Simple Bulb', 'H4', 'H4', NULL, NULL, true) ON CONFLICT DO NOTHING;
INSERT INTO public.variant_definitions ("id", "created_at", "base_name", "variant_name", "display_name", "compatibility_list", "description", "is_active") VALUES (50, '2026-02-21T01:27:05.708954+00:00', 'Osram Night Breaker', 'H4', 'H4', NULL, NULL, true) ON CONFLICT DO NOTHING;
INSERT INTO public.variant_definitions ("id", "created_at", "base_name", "variant_name", "display_name", "compatibility_list", "description", "is_active") VALUES (51, '2026-02-21T03:08:38.494266+00:00', 'XD818 HEIST', '6x114.3', '6x114.3', ARRAY['6x114.3'], 'Standard 6x114.3', true) ON CONFLICT DO NOTHING;
INSERT INTO public.variant_definitions ("id", "created_at", "base_name", "variant_name", "display_name", "compatibility_list", "description", "is_active") VALUES (52, '2026-02-21T03:52:43.465761+00:00', 'Variant', 'Lol', 'Lol', ARRAY['Lol'], 'Standard Lol', true) ON CONFLICT DO NOTHING;
INSERT INTO public.variant_definitions ("id", "created_at", "base_name", "variant_name", "display_name", "compatibility_list", "description", "is_active") VALUES (53, '2026-02-25T04:26:27.696081+00:00', 'Variant', '6x139.7', '6x139.7', ARRAY['6x139.7'], 'Standard 6x139.7', true) ON CONFLICT DO NOTHING;
INSERT INTO public.variant_definitions ("id", "created_at", "base_name", "variant_name", "display_name", "compatibility_list", "description", "is_active") VALUES (54, '2026-02-25T06:29:15.219387+00:00', 'Alap J', '5x139.7', '5x139.7', ARRAY['5x139.7'], 'Standard 5x139.7', true) ON CONFLICT DO NOTHING;
INSERT INTO public.variant_definitions ("id", "created_at", "base_name", "variant_name", "display_name", "compatibility_list", "description", "is_active") VALUES (55, '2026-02-26T01:38:36.679485+00:00', 'ME002 MR701', '5x127', '5x127', ARRAY['5x127'], 'Standard 5x127', true) ON CONFLICT DO NOTHING;
INSERT INTO public.variant_definitions ("id", "created_at", "base_name", "variant_name", "display_name", "compatibility_list", "description", "is_active") VALUES (56, '2026-02-26T02:01:55.844883+00:00', 'Dakarzero', '5x139', '5x139', ARRAY['5x139'], 'Standard 5x139', true) ON CONFLICT DO NOTHING;
INSERT INTO public.variant_definitions ("id", "created_at", "base_name", "variant_name", "display_name", "compatibility_list", "description", "is_active") VALUES (57, '2026-02-26T02:42:01.409154+00:00', 'Trail Cross', '6x139', '6x139', ARRAY['6x139'], 'Standard 6x139', true) ON CONFLICT DO NOTHING;
INSERT INTO public.variant_definitions ("id", "created_at", "base_name", "variant_name", "display_name", "compatibility_list", "description", "is_active") VALUES (58, '2026-02-26T06:14:33.440629+00:00', 'GPNE RS6X - H4', 'H4', 'H4', NULL, NULL, true) ON CONFLICT DO NOTHING;
INSERT INTO public.variant_definitions ("id", "created_at", "base_name", "variant_name", "display_name", "compatibility_list", "description", "is_active") VALUES (59, '2026-02-26T06:42:45.451191+00:00', 'GPNE R6 - H4', 'H4', 'H4', NULL, NULL, true) ON CONFLICT DO NOTHING;

-- Table: products
INSERT INTO public.products ("id", "created_at", "updated_at", "name", "sku", "barcode", "brand", "category_id", "variant_type_id", "supplier_id", "selling_price", "cost_price", "stock_quantity", "min_stock_level", "reorder_level", "description", "image_url", "voltage", "wattage", "color_temperature", "lumens", "beam_type", "specifications", "has_variants") VALUES (13, '2026-02-18T01:51:48.801259+00:00', '2026-02-18T01:51:48.801259+00:00', 'Hellsten X8', NULL, NULL, 'Hellsten', 1, NULL, NULL, 0, 0, 1, 1, 1, NULL, NULL, NULL, NULL, '', NULL, NULL, '{"socket":""}'::jsonb, true) ON CONFLICT DO NOTHING;
INSERT INTO public.products ("id", "created_at", "updated_at", "name", "sku", "barcode", "brand", "category_id", "variant_type_id", "supplier_id", "selling_price", "cost_price", "stock_quantity", "min_stock_level", "reorder_level", "description", "image_url", "voltage", "wattage", "color_temperature", "lumens", "beam_type", "specifications", "has_variants") VALUES (8, '2026-02-17T04:11:21.176012+00:00', '2026-02-18T02:22:42.516853+00:00', 'GPNE RS7 ', NULL, NULL, 'GPNE', 1, NULL, NULL, 0, 0, 1, 1, 1, NULL, NULL, NULL, NULL, NULL, NULL, NULL, '{"tags":[],"internal_notes":"PARENT"}'::jsonb, true) ON CONFLICT DO NOTHING;
INSERT INTO public.products ("id", "created_at", "updated_at", "name", "sku", "barcode", "brand", "category_id", "variant_type_id", "supplier_id", "selling_price", "cost_price", "stock_quantity", "min_stock_level", "reorder_level", "description", "image_url", "voltage", "wattage", "color_temperature", "lumens", "beam_type", "specifications", "has_variants") VALUES (37, '2026-02-25T07:30:05.38461+00:00', '2026-02-25T07:30:05.38461+00:00', 'Torque D690', NULL, NULL, 'Fuel', 12, NULL, NULL, 0, 0, 0, 0, 0, NULL, NULL, NULL, NULL, NULL, NULL, NULL, '{"tags":[]}'::jsonb, true) ON CONFLICT DO NOTHING;
INSERT INTO public.products ("id", "created_at", "updated_at", "name", "sku", "barcode", "brand", "category_id", "variant_type_id", "supplier_id", "selling_price", "cost_price", "stock_quantity", "min_stock_level", "reorder_level", "description", "image_url", "voltage", "wattage", "color_temperature", "lumens", "beam_type", "specifications", "has_variants") VALUES (50, '2026-02-26T01:38:41.069024+00:00', '2026-02-26T01:38:41.069024+00:00', 'ME002 MR701', NULL, NULL, 'Method', 12, NULL, NULL, 0, 0, 0, 0, 0, NULL, NULL, NULL, NULL, NULL, NULL, NULL, '{"tags":[]}'::jsonb, true) ON CONFLICT DO NOTHING;
INSERT INTO public.products ("id", "created_at", "updated_at", "name", "sku", "barcode", "brand", "category_id", "variant_type_id", "supplier_id", "selling_price", "cost_price", "stock_quantity", "min_stock_level", "reorder_level", "description", "image_url", "voltage", "wattage", "color_temperature", "lumens", "beam_type", "specifications", "has_variants") VALUES (38, '2026-02-25T07:31:46.065354+00:00', '2026-02-25T07:31:46.065354+00:00', 'Rebel', NULL, NULL, 'Fuel', 12, NULL, NULL, 0, 0, 0, 0, 0, NULL, NULL, NULL, NULL, NULL, NULL, NULL, '{"tags":[]}'::jsonb, true) ON CONFLICT DO NOTHING;
INSERT INTO public.products ("id", "created_at", "updated_at", "name", "sku", "barcode", "brand", "category_id", "variant_type_id", "supplier_id", "selling_price", "cost_price", "stock_quantity", "min_stock_level", "reorder_level", "description", "image_url", "voltage", "wattage", "color_temperature", "lumens", "beam_type", "specifications", "has_variants") VALUES (16, '2026-02-18T02:34:14.897203+00:00', '2026-02-18T02:34:14.897203+00:00', 'Keon Sondra', NULL, NULL, 'KSC', 1, NULL, NULL, 0, 0, 1, 1, 1, NULL, NULL, NULL, NULL, NULL, NULL, NULL, '{}'::jsonb, true) ON CONFLICT DO NOTHING;
INSERT INTO public.products ("id", "created_at", "updated_at", "name", "sku", "barcode", "brand", "category_id", "variant_type_id", "supplier_id", "selling_price", "cost_price", "stock_quantity", "min_stock_level", "reorder_level", "description", "image_url", "voltage", "wattage", "color_temperature", "lumens", "beam_type", "specifications", "has_variants") VALUES (17, '2026-02-18T02:37:48.164393+00:00', '2026-02-18T02:38:47.551294+00:00', 'LED Headlights ', NULL, NULL, 'Aftermarket', 1, NULL, NULL, 0, 0, 1, 1, 1, NULL, NULL, NULL, NULL, NULL, NULL, NULL, '{"tags":[],"internal_notes":"ZES"}'::jsonb, true) ON CONFLICT DO NOTHING;
INSERT INTO public.products ("id", "created_at", "updated_at", "name", "sku", "barcode", "brand", "category_id", "variant_type_id", "supplier_id", "selling_price", "cost_price", "stock_quantity", "min_stock_level", "reorder_level", "description", "image_url", "voltage", "wattage", "color_temperature", "lumens", "beam_type", "specifications", "has_variants") VALUES (18, '2026-02-18T02:50:37.167601+00:00', '2026-02-18T02:50:37.167601+00:00', 'Osram LED', NULL, NULL, 'Osram', 1, NULL, NULL, 0, 0, 1, 1, 1, NULL, NULL, NULL, NULL, NULL, NULL, NULL, '{}'::jsonb, true) ON CONFLICT DO NOTHING;
INSERT INTO public.products ("id", "created_at", "updated_at", "name", "sku", "barcode", "brand", "category_id", "variant_type_id", "supplier_id", "selling_price", "cost_price", "stock_quantity", "min_stock_level", "reorder_level", "description", "image_url", "voltage", "wattage", "color_temperature", "lumens", "beam_type", "specifications", "has_variants") VALUES (19, '2026-02-18T02:52:36.666966+00:00', '2026-02-18T02:52:36.666966+00:00', 'Cobra LED Headlight ', NULL, NULL, 'Cobra', 1, NULL, NULL, 0, 0, 1, 1, 1, NULL, NULL, NULL, NULL, '', NULL, NULL, '{"socket":""}'::jsonb, true) ON CONFLICT DO NOTHING;
INSERT INTO public.products ("id", "created_at", "updated_at", "name", "sku", "barcode", "brand", "category_id", "variant_type_id", "supplier_id", "selling_price", "cost_price", "stock_quantity", "min_stock_level", "reorder_level", "description", "image_url", "voltage", "wattage", "color_temperature", "lumens", "beam_type", "specifications", "has_variants") VALUES (39, '2026-02-25T07:34:53.594402+00:00', '2026-02-25T07:34:53.594402+00:00', 'Flux', NULL, NULL, 'Fuel', 12, NULL, NULL, 0, 0, 0, 0, 0, NULL, NULL, NULL, NULL, NULL, NULL, NULL, '{"tags":[]}'::jsonb, true) ON CONFLICT DO NOTHING;
INSERT INTO public.products ("id", "created_at", "updated_at", "name", "sku", "barcode", "brand", "category_id", "variant_type_id", "supplier_id", "selling_price", "cost_price", "stock_quantity", "min_stock_level", "reorder_level", "description", "image_url", "voltage", "wattage", "color_temperature", "lumens", "beam_type", "specifications", "has_variants") VALUES (40, '2026-02-25T07:39:26.081724+00:00', '2026-02-25T07:39:26.081724+00:00', 'Vector 6', NULL, NULL, 'Icon', 12, NULL, NULL, 0, 0, 0, 0, 0, NULL, NULL, NULL, NULL, NULL, NULL, NULL, '{"tags":[]}'::jsonb, true) ON CONFLICT DO NOTHING;
INSERT INTO public.products ("id", "created_at", "updated_at", "name", "sku", "barcode", "brand", "category_id", "variant_type_id", "supplier_id", "selling_price", "cost_price", "stock_quantity", "min_stock_level", "reorder_level", "description", "image_url", "voltage", "wattage", "color_temperature", "lumens", "beam_type", "specifications", "has_variants") VALUES (41, '2026-02-25T07:41:27.182274+00:00', '2026-02-25T07:41:27.182274+00:00', 'XD 135 Grenade', NULL, NULL, 'KMC', 12, NULL, NULL, 0, 0, 0, 0, 0, NULL, NULL, NULL, NULL, NULL, NULL, NULL, '{"tags":[]}'::jsonb, true) ON CONFLICT DO NOTHING;
INSERT INTO public.products ("id", "created_at", "updated_at", "name", "sku", "barcode", "brand", "category_id", "variant_type_id", "supplier_id", "selling_price", "cost_price", "stock_quantity", "min_stock_level", "reorder_level", "description", "image_url", "voltage", "wattage", "color_temperature", "lumens", "beam_type", "specifications", "has_variants") VALUES (42, '2026-02-25T07:43:29.8516+00:00', '2026-02-25T07:43:29.8516+00:00', 'XD 818 Heist', NULL, NULL, 'KMC', 12, NULL, NULL, 0, 0, 0, 0, 0, NULL, NULL, NULL, NULL, NULL, NULL, NULL, '{"tags":[]}'::jsonb, true) ON CONFLICT DO NOTHING;
INSERT INTO public.products ("id", "created_at", "updated_at", "name", "sku", "barcode", "brand", "category_id", "variant_type_id", "supplier_id", "selling_price", "cost_price", "stock_quantity", "min_stock_level", "reorder_level", "description", "image_url", "voltage", "wattage", "color_temperature", "lumens", "beam_type", "specifications", "has_variants") VALUES (11, '2026-02-17T05:00:24.255216+00:00', '2026-02-21T14:33:33.704909+00:00', 'Osram Night Breaker', NULL, NULL, 'Osram', 1, NULL, NULL, 0, 0, 0, 0, 0, NULL, NULL, NULL, NULL, '', NULL, NULL, '{"tags":[],"socket":null,"internal_notes":""}'::jsonb, true) ON CONFLICT DO NOTHING;
INSERT INTO public.products ("id", "created_at", "updated_at", "name", "sku", "barcode", "brand", "category_id", "variant_type_id", "supplier_id", "selling_price", "cost_price", "stock_quantity", "min_stock_level", "reorder_level", "description", "image_url", "voltage", "wattage", "color_temperature", "lumens", "beam_type", "specifications", "has_variants") VALUES (14, '2026-02-18T02:09:41.39671+00:00', '2026-02-22T08:10:26.879324+00:00', 'Alo - F6', NULL, NULL, 'JO LED LIGHTS', 1, NULL, NULL, 0, 0, 1, 1, 1, NULL, NULL, NULL, NULL, '6000-6500', NULL, NULL, '{"tags":[],"internal_notes":"","color_temperature":"6000-6500K"}'::jsonb, true) ON CONFLICT DO NOTHING;
INSERT INTO public.products ("id", "created_at", "updated_at", "name", "sku", "barcode", "brand", "category_id", "variant_type_id", "supplier_id", "selling_price", "cost_price", "stock_quantity", "min_stock_level", "reorder_level", "description", "image_url", "voltage", "wattage", "color_temperature", "lumens", "beam_type", "specifications", "has_variants") VALUES (48, '2026-02-25T09:54:42.926563+00:00', '2026-02-26T08:25:23.532966+00:00', 'VLF S02B', NULL, NULL, 'VLF', 12, NULL, NULL, 0, 0, 0, 0, 0, NULL, NULL, NULL, NULL, 'Gunmetal Machined(PressG)', NULL, NULL, '{"tags":[],"color":"16x7","socket":null,"last_restock":{"date":"2026-02-17T23:21:56.532Z","quantity":1},"internal_notes":"set of 4","color_temperature":"Gunmetal Machined(PressG)","spec_1772000809098":"0"}'::jsonb, true) ON CONFLICT DO NOTHING;
INSERT INTO public.products ("id", "created_at", "updated_at", "name", "sku", "barcode", "brand", "category_id", "variant_type_id", "supplier_id", "selling_price", "cost_price", "stock_quantity", "min_stock_level", "reorder_level", "description", "image_url", "voltage", "wattage", "color_temperature", "lumens", "beam_type", "specifications", "has_variants") VALUES (15, '2026-02-18T02:17:38.55548+00:00', '2026-02-22T08:18:30.516802+00:00', 'STEDI Copper Head', NULL, NULL, 'STEDI', 1, NULL, NULL, 0, 0, 1, 1, 1, NULL, NULL, NULL, NULL, '5700', NULL, NULL, '{"tags":[],"color":"","internal_notes":""}'::jsonb, true) ON CONFLICT DO NOTHING;
INSERT INTO public.products ("id", "created_at", "updated_at", "name", "sku", "barcode", "brand", "category_id", "variant_type_id", "supplier_id", "selling_price", "cost_price", "stock_quantity", "min_stock_level", "reorder_level", "description", "image_url", "voltage", "wattage", "color_temperature", "lumens", "beam_type", "specifications", "has_variants") VALUES (22, '2026-02-25T04:26:29.946502+00:00', '2026-02-25T04:28:04.346046+00:00', '', NULL, NULL, 'Aftermarket', NULL, NULL, NULL, 0, 0, 0, 0, 0, NULL, NULL, NULL, NULL, NULL, NULL, NULL, '{"tags":[]}'::jsonb, true) ON CONFLICT DO NOTHING;
INSERT INTO public.products ("id", "created_at", "updated_at", "name", "sku", "barcode", "brand", "category_id", "variant_type_id", "supplier_id", "selling_price", "cost_price", "stock_quantity", "min_stock_level", "reorder_level", "description", "image_url", "voltage", "wattage", "color_temperature", "lumens", "beam_type", "specifications", "has_variants") VALUES (23, '2026-02-25T06:30:11.146234+00:00', '2026-02-25T06:31:49.975653+00:00', 'Alap J', NULL, NULL, 'Rays Engineering', 12, NULL, NULL, 0, 0, 0, 0, 0, NULL, NULL, NULL, NULL, 'Bronze', NULL, NULL, '{"tags":[],"color":"16x6","internal_notes":"","color_temperature":"Bronze","spec_1772000809098":"-5"}'::jsonb, true) ON CONFLICT DO NOTHING;
INSERT INTO public.products ("id", "created_at", "updated_at", "name", "sku", "barcode", "brand", "category_id", "variant_type_id", "supplier_id", "selling_price", "cost_price", "stock_quantity", "min_stock_level", "reorder_level", "description", "image_url", "voltage", "wattage", "color_temperature", "lumens", "beam_type", "specifications", "has_variants") VALUES (24, '2026-02-25T06:36:53.362193+00:00', '2026-02-25T06:36:53.362193+00:00', 'TE37-XT SL', NULL, NULL, 'Volk Racing', 12, NULL, NULL, 0, 0, 0, 0, 0, NULL, NULL, NULL, NULL, NULL, NULL, NULL, '{"tags":[]}'::jsonb, true) ON CONFLICT DO NOTHING;
INSERT INTO public.products ("id", "created_at", "updated_at", "name", "sku", "barcode", "brand", "category_id", "variant_type_id", "supplier_id", "selling_price", "cost_price", "stock_quantity", "min_stock_level", "reorder_level", "description", "image_url", "voltage", "wattage", "color_temperature", "lumens", "beam_type", "specifications", "has_variants") VALUES (25, '2026-02-25T06:36:53.689501+00:00', '2026-02-25T06:36:53.689501+00:00', 'TE37-XT SL', NULL, NULL, 'Volk Racing', 12, NULL, NULL, 0, 0, 0, 0, 0, NULL, NULL, NULL, NULL, NULL, NULL, NULL, '{"tags":[]}'::jsonb, true) ON CONFLICT DO NOTHING;
INSERT INTO public.products ("id", "created_at", "updated_at", "name", "sku", "barcode", "brand", "category_id", "variant_type_id", "supplier_id", "selling_price", "cost_price", "stock_quantity", "min_stock_level", "reorder_level", "description", "image_url", "voltage", "wattage", "color_temperature", "lumens", "beam_type", "specifications", "has_variants") VALUES (26, '2026-02-25T06:39:20.474982+00:00', '2026-02-25T06:39:20.474982+00:00', 'TE37 XT M-SPEC', NULL, NULL, 'Volk Racing', 12, NULL, NULL, 0, 0, 0, 0, 0, NULL, NULL, NULL, NULL, NULL, NULL, NULL, '{"tags":[]}'::jsonb, true) ON CONFLICT DO NOTHING;
INSERT INTO public.products ("id", "created_at", "updated_at", "name", "sku", "barcode", "brand", "category_id", "variant_type_id", "supplier_id", "selling_price", "cost_price", "stock_quantity", "min_stock_level", "reorder_level", "description", "image_url", "voltage", "wattage", "color_temperature", "lumens", "beam_type", "specifications", "has_variants") VALUES (27, '2026-02-25T06:43:16.15155+00:00', '2026-02-25T06:43:16.15155+00:00', '57 Xrx - z2', NULL, NULL, 'Gram Lights', 12, NULL, NULL, 0, 0, 0, 0, 0, NULL, NULL, NULL, NULL, NULL, NULL, NULL, '{"tags":[]}'::jsonb, true) ON CONFLICT DO NOTHING;
INSERT INTO public.products ("id", "created_at", "updated_at", "name", "sku", "barcode", "brand", "category_id", "variant_type_id", "supplier_id", "selling_price", "cost_price", "stock_quantity", "min_stock_level", "reorder_level", "description", "image_url", "voltage", "wattage", "color_temperature", "lumens", "beam_type", "specifications", "has_variants") VALUES (28, '2026-02-25T06:46:31.165957+00:00', '2026-02-25T06:46:31.165957+00:00', 'Roku', NULL, NULL, 'Black Rhino', 12, NULL, NULL, 0, 0, 0, 0, 0, NULL, NULL, NULL, NULL, NULL, NULL, NULL, '{"tags":[]}'::jsonb, true) ON CONFLICT DO NOTHING;
INSERT INTO public.products ("id", "created_at", "updated_at", "name", "sku", "barcode", "brand", "category_id", "variant_type_id", "supplier_id", "selling_price", "cost_price", "stock_quantity", "min_stock_level", "reorder_level", "description", "image_url", "voltage", "wattage", "color_temperature", "lumens", "beam_type", "specifications", "has_variants") VALUES (43, '2026-02-25T07:45:43.877142+00:00', '2026-02-25T07:45:43.877142+00:00', 'MR313 Street Series', NULL, NULL, 'Method', 12, NULL, NULL, 0, 0, 0, 0, 0, NULL, NULL, NULL, NULL, NULL, NULL, NULL, '{"tags":[]}'::jsonb, true) ON CONFLICT DO NOTHING;
INSERT INTO public.products ("id", "created_at", "updated_at", "name", "sku", "barcode", "brand", "category_id", "variant_type_id", "supplier_id", "selling_price", "cost_price", "stock_quantity", "min_stock_level", "reorder_level", "description", "image_url", "voltage", "wattage", "color_temperature", "lumens", "beam_type", "specifications", "has_variants") VALUES (29, '2026-02-25T06:46:32.660928+00:00', '2026-02-25T06:46:32.660928+00:00', 'Roku', NULL, NULL, 'Black Rhino', 12, NULL, NULL, 0, 0, 0, 0, 0, NULL, NULL, NULL, NULL, NULL, NULL, NULL, '{"tags":[]}'::jsonb, true) ON CONFLICT DO NOTHING;
INSERT INTO public.products ("id", "created_at", "updated_at", "name", "sku", "barcode", "brand", "category_id", "variant_type_id", "supplier_id", "selling_price", "cost_price", "stock_quantity", "min_stock_level", "reorder_level", "description", "image_url", "voltage", "wattage", "color_temperature", "lumens", "beam_type", "specifications", "has_variants") VALUES (30, '2026-02-25T06:52:44.399093+00:00', '2026-02-25T06:52:44.399093+00:00', 'Chase', NULL, NULL, 'Black Rhino', 12, NULL, NULL, 0, 0, 0, 0, 0, NULL, NULL, NULL, NULL, NULL, NULL, NULL, '{"tags":[]}'::jsonb, true) ON CONFLICT DO NOTHING;
INSERT INTO public.products ("id", "created_at", "updated_at", "name", "sku", "barcode", "brand", "category_id", "variant_type_id", "supplier_id", "selling_price", "cost_price", "stock_quantity", "min_stock_level", "reorder_level", "description", "image_url", "voltage", "wattage", "color_temperature", "lumens", "beam_type", "specifications", "has_variants") VALUES (31, '2026-02-25T06:58:50.760873+00:00', '2026-02-25T06:58:50.760873+00:00', 'Stadium', NULL, NULL, 'Black Rhino', 12, NULL, NULL, 0, 0, 0, 0, 0, NULL, NULL, NULL, NULL, NULL, NULL, NULL, '{"tags":[]}'::jsonb, true) ON CONFLICT DO NOTHING;
INSERT INTO public.products ("id", "created_at", "updated_at", "name", "sku", "barcode", "brand", "category_id", "variant_type_id", "supplier_id", "selling_price", "cost_price", "stock_quantity", "min_stock_level", "reorder_level", "description", "image_url", "voltage", "wattage", "color_temperature", "lumens", "beam_type", "specifications", "has_variants") VALUES (32, '2026-02-25T07:08:32.783019+00:00', '2026-02-25T07:08:32.783019+00:00', 'Awol', NULL, NULL, 'Black Rhino', 12, NULL, NULL, 0, 0, 0, 0, 0, NULL, NULL, NULL, NULL, NULL, NULL, NULL, '{"tags":[]}'::jsonb, true) ON CONFLICT DO NOTHING;
INSERT INTO public.products ("id", "created_at", "updated_at", "name", "sku", "barcode", "brand", "category_id", "variant_type_id", "supplier_id", "selling_price", "cost_price", "stock_quantity", "min_stock_level", "reorder_level", "description", "image_url", "voltage", "wattage", "color_temperature", "lumens", "beam_type", "specifications", "has_variants") VALUES (33, '2026-02-25T07:11:14.707312+00:00', '2026-02-25T07:11:14.707312+00:00', 'BRO31', NULL, NULL, 'Black Rhino', 12, NULL, NULL, 0, 0, 0, 0, 0, NULL, NULL, NULL, NULL, NULL, NULL, NULL, '{"tags":[]}'::jsonb, true) ON CONFLICT DO NOTHING;
INSERT INTO public.products ("id", "created_at", "updated_at", "name", "sku", "barcode", "brand", "category_id", "variant_type_id", "supplier_id", "selling_price", "cost_price", "stock_quantity", "min_stock_level", "reorder_level", "description", "image_url", "voltage", "wattage", "color_temperature", "lumens", "beam_type", "specifications", "has_variants") VALUES (34, '2026-02-25T07:13:31.836035+00:00', '2026-02-25T07:13:54.834304+00:00', 'Sol', NULL, NULL, 'Black Rhino', 12, NULL, NULL, 0, 0, 0, 0, 0, NULL, NULL, NULL, NULL, 'Matte Black', NULL, NULL, '{"tags":[],"color":"17x8","internal_notes":"","color_temperature":"Matte Black","spec_1772000809098":"20"}'::jsonb, true) ON CONFLICT DO NOTHING;
INSERT INTO public.products ("id", "created_at", "updated_at", "name", "sku", "barcode", "brand", "category_id", "variant_type_id", "supplier_id", "selling_price", "cost_price", "stock_quantity", "min_stock_level", "reorder_level", "description", "image_url", "voltage", "wattage", "color_temperature", "lumens", "beam_type", "specifications", "has_variants") VALUES (35, '2026-02-25T07:25:49.384949+00:00', '2026-02-25T07:25:49.384949+00:00', 'Shogun', NULL, NULL, 'Black Rhino', 12, NULL, NULL, 0, 0, 0, 0, 0, NULL, NULL, NULL, NULL, NULL, NULL, NULL, '{"tags":[]}'::jsonb, true) ON CONFLICT DO NOTHING;
INSERT INTO public.products ("id", "created_at", "updated_at", "name", "sku", "barcode", "brand", "category_id", "variant_type_id", "supplier_id", "selling_price", "cost_price", "stock_quantity", "min_stock_level", "reorder_level", "description", "image_url", "voltage", "wattage", "color_temperature", "lumens", "beam_type", "specifications", "has_variants") VALUES (36, '2026-02-25T07:28:14.217823+00:00', '2026-02-25T07:28:14.217823+00:00', 'BRO17', NULL, NULL, 'Black Rhino', 12, NULL, NULL, 0, 0, 0, 0, 0, NULL, NULL, NULL, NULL, NULL, NULL, NULL, '{"tags":[]}'::jsonb, true) ON CONFLICT DO NOTHING;
INSERT INTO public.products ("id", "created_at", "updated_at", "name", "sku", "barcode", "brand", "category_id", "variant_type_id", "supplier_id", "selling_price", "cost_price", "stock_quantity", "min_stock_level", "reorder_level", "description", "image_url", "voltage", "wattage", "color_temperature", "lumens", "beam_type", "specifications", "has_variants") VALUES (44, '2026-02-25T09:20:31.148718+00:00', '2026-02-25T09:20:31.148718+00:00', 'Grid', NULL, NULL, 'Grid', 12, 26, NULL, 17500, 0, 4, 4, 4, NULL, NULL, NULL, NULL, 'Machined', NULL, NULL, '{"tags":[],"color":"N/A","socket":"Not Specified","color_temperature":"Machined","spec_1772000809098":"N/A"}'::jsonb, false) ON CONFLICT DO NOTHING;
INSERT INTO public.products ("id", "created_at", "updated_at", "name", "sku", "barcode", "brand", "category_id", "variant_type_id", "supplier_id", "selling_price", "cost_price", "stock_quantity", "min_stock_level", "reorder_level", "description", "image_url", "voltage", "wattage", "color_temperature", "lumens", "beam_type", "specifications", "has_variants") VALUES (45, '2026-02-25T09:22:59.440681+00:00', '2026-02-25T09:22:59.440681+00:00', 'Six', NULL, NULL, 'Rotiform', 12, 27, NULL, 18750, 0, 4, 4, 4, NULL, NULL, NULL, NULL, 'Black', NULL, NULL, '{"tags":[],"color":"20x9","socket":"6x139.7","internal_notes":"1 on Display","color_temperature":"Black","spec_1772000809098":"1"}'::jsonb, false) ON CONFLICT DO NOTHING;
INSERT INTO public.products ("id", "created_at", "updated_at", "name", "sku", "barcode", "brand", "category_id", "variant_type_id", "supplier_id", "selling_price", "cost_price", "stock_quantity", "min_stock_level", "reorder_level", "description", "image_url", "voltage", "wattage", "color_temperature", "lumens", "beam_type", "specifications", "has_variants") VALUES (46, '2026-02-25T09:25:09.0893+00:00', '2026-02-25T09:25:09.0893+00:00', 'Blaze 10', NULL, NULL, 'SCS', 12, NULL, NULL, 0, 0, 0, 0, 0, NULL, NULL, NULL, NULL, NULL, NULL, NULL, '{"tags":[]}'::jsonb, true) ON CONFLICT DO NOTHING;
INSERT INTO public.products ("id", "created_at", "updated_at", "name", "sku", "barcode", "brand", "category_id", "variant_type_id", "supplier_id", "selling_price", "cost_price", "stock_quantity", "min_stock_level", "reorder_level", "description", "image_url", "voltage", "wattage", "color_temperature", "lumens", "beam_type", "specifications", "has_variants") VALUES (12, '2026-02-17T23:21:20.810204+00:00', '2026-02-25T09:39:57.244516+00:00', 'Aero Vogue Flex', NULL, NULL, 'PIAA', 6, NULL, NULL, 0, 0, 1, 1, 1, NULL, NULL, NULL, NULL, 'Yellow', NULL, NULL, '{"tags":[],"color":"Green","last_restock":{"date":"2026-02-17T23:21:56.532Z","quantity":1},"variant_type":"","internal_notes":"","color_temperature":"Green"}'::jsonb, true) ON CONFLICT DO NOTHING;
INSERT INTO public.products ("id", "created_at", "updated_at", "name", "sku", "barcode", "brand", "category_id", "variant_type_id", "supplier_id", "selling_price", "cost_price", "stock_quantity", "min_stock_level", "reorder_level", "description", "image_url", "voltage", "wattage", "color_temperature", "lumens", "beam_type", "specifications", "has_variants") VALUES (47, '2026-02-25T09:51:45.530344+00:00', '2026-02-25T09:51:45.530344+00:00', 'Ray 10', NULL, NULL, 'SCS', 12, NULL, NULL, 0, 0, 0, 0, 0, NULL, NULL, NULL, NULL, NULL, NULL, NULL, '{"tags":[]}'::jsonb, true) ON CONFLICT DO NOTHING;
INSERT INTO public.products ("id", "created_at", "updated_at", "name", "sku", "barcode", "brand", "category_id", "variant_type_id", "supplier_id", "selling_price", "cost_price", "stock_quantity", "min_stock_level", "reorder_level", "description", "image_url", "voltage", "wattage", "color_temperature", "lumens", "beam_type", "specifications", "has_variants") VALUES (10, '2026-02-17T04:17:57.484314+00:00', '2026-02-25T10:04:20.36449+00:00', 'GPNE R3', NULL, NULL, 'GPNE', 1, NULL, NULL, 0, 0, 0, 0, 0, NULL, NULL, NULL, NULL, '', NULL, NULL, '{"tags":[],"socket":null,"last_restock":{"date":"2026-02-17T04:18:19.295Z","quantity":1},"internal_notes":"PARENT"}'::jsonb, true) ON CONFLICT DO NOTHING;
INSERT INTO public.products ("id", "created_at", "updated_at", "name", "sku", "barcode", "brand", "category_id", "variant_type_id", "supplier_id", "selling_price", "cost_price", "stock_quantity", "min_stock_level", "reorder_level", "description", "image_url", "voltage", "wattage", "color_temperature", "lumens", "beam_type", "specifications", "has_variants") VALUES (49, '2026-02-26T01:35:01.375942+00:00', '2026-02-26T01:35:01.375942+00:00', ' Dynamic 8/Talladega/Classic 5', NULL, NULL, 'STEEL BEADLOCK', 12, NULL, NULL, 0, 0, 0, 0, 0, NULL, NULL, NULL, NULL, NULL, NULL, NULL, '{"tags":[]}'::jsonb, true) ON CONFLICT DO NOTHING;
INSERT INTO public.products ("id", "created_at", "updated_at", "name", "sku", "barcode", "brand", "category_id", "variant_type_id", "supplier_id", "selling_price", "cost_price", "stock_quantity", "min_stock_level", "reorder_level", "description", "image_url", "voltage", "wattage", "color_temperature", "lumens", "beam_type", "specifications", "has_variants") VALUES (52, '2026-02-26T01:44:43.009761+00:00', '2026-02-26T01:44:43.009761+00:00', 'ME003 MR704', NULL, NULL, 'Method', 12, NULL, NULL, 0, 0, 0, 0, 0, NULL, NULL, NULL, NULL, NULL, NULL, NULL, '{"tags":[]}'::jsonb, true) ON CONFLICT DO NOTHING;
INSERT INTO public.products ("id", "created_at", "updated_at", "name", "sku", "barcode", "brand", "category_id", "variant_type_id", "supplier_id", "selling_price", "cost_price", "stock_quantity", "min_stock_level", "reorder_level", "description", "image_url", "voltage", "wattage", "color_temperature", "lumens", "beam_type", "specifications", "has_variants") VALUES (53, '2026-02-26T01:47:38.820599+00:00', '2026-02-26T01:47:38.820599+00:00', 'ME008 MR702 BG', NULL, NULL, 'Method', 12, NULL, NULL, 0, 0, 0, 0, 0, NULL, NULL, NULL, NULL, NULL, NULL, NULL, '{"tags":[]}'::jsonb, true) ON CONFLICT DO NOTHING;
INSERT INTO public.products ("id", "created_at", "updated_at", "name", "sku", "barcode", "brand", "category_id", "variant_type_id", "supplier_id", "selling_price", "cost_price", "stock_quantity", "min_stock_level", "reorder_level", "description", "image_url", "voltage", "wattage", "color_temperature", "lumens", "beam_type", "specifications", "has_variants") VALUES (54, '2026-02-26T01:49:32.824288+00:00', '2026-02-26T01:49:32.824288+00:00', 'MR313 Street Series', NULL, NULL, 'Method', 12, NULL, NULL, 0, 0, 0, 0, 0, NULL, NULL, NULL, NULL, NULL, NULL, NULL, '{"tags":[]}'::jsonb, true) ON CONFLICT DO NOTHING;
INSERT INTO public.products ("id", "created_at", "updated_at", "name", "sku", "barcode", "brand", "category_id", "variant_type_id", "supplier_id", "selling_price", "cost_price", "stock_quantity", "min_stock_level", "reorder_level", "description", "image_url", "voltage", "wattage", "color_temperature", "lumens", "beam_type", "specifications", "has_variants") VALUES (55, '2026-02-26T01:52:06.278106+00:00', '2026-02-26T01:52:06.278106+00:00', 'MR321 Standard', NULL, NULL, 'Method', 12, NULL, NULL, 0, 0, 0, 0, 0, NULL, NULL, NULL, NULL, NULL, NULL, NULL, '{"tags":[]}'::jsonb, true) ON CONFLICT DO NOTHING;
INSERT INTO public.products ("id", "created_at", "updated_at", "name", "sku", "barcode", "brand", "category_id", "variant_type_id", "supplier_id", "selling_price", "cost_price", "stock_quantity", "min_stock_level", "reorder_level", "description", "image_url", "voltage", "wattage", "color_temperature", "lumens", "beam_type", "specifications", "has_variants") VALUES (56, '2026-02-26T01:54:54.95714+00:00', '2026-02-26T01:54:54.95714+00:00', 'KM725 Terra', NULL, NULL, 'KMC', 12, NULL, NULL, 0, 0, 0, 0, 0, NULL, NULL, NULL, NULL, NULL, NULL, NULL, '{"tags":[]}'::jsonb, true) ON CONFLICT DO NOTHING;
INSERT INTO public.products ("id", "created_at", "updated_at", "name", "sku", "barcode", "brand", "category_id", "variant_type_id", "supplier_id", "selling_price", "cost_price", "stock_quantity", "min_stock_level", "reorder_level", "description", "image_url", "voltage", "wattage", "color_temperature", "lumens", "beam_type", "specifications", "has_variants") VALUES (57, '2026-02-26T01:57:41.887514+00:00', '2026-02-26T01:57:41.887514+00:00', 'KM549 GRS', NULL, NULL, 'KMC', 12, NULL, NULL, 0, 0, 0, 0, 0, NULL, NULL, NULL, NULL, NULL, NULL, NULL, '{"tags":[]}'::jsonb, true) ON CONFLICT DO NOTHING;
INSERT INTO public.products ("id", "created_at", "updated_at", "name", "sku", "barcode", "brand", "category_id", "variant_type_id", "supplier_id", "selling_price", "cost_price", "stock_quantity", "min_stock_level", "reorder_level", "description", "image_url", "voltage", "wattage", "color_temperature", "lumens", "beam_type", "specifications", "has_variants") VALUES (51, '2026-02-26T01:41:37.545587+00:00', '2026-02-26T08:37:35.745232+00:00', 'ME007 MR703 BG', NULL, NULL, 'Method', 12, NULL, NULL, 0, 0, 0, 0, 0, NULL, NULL, NULL, NULL, NULL, NULL, NULL, '{"tags":[],"socket":null,"internal_notes":""}'::jsonb, true) ON CONFLICT DO NOTHING;
INSERT INTO public.products ("id", "created_at", "updated_at", "name", "sku", "barcode", "brand", "category_id", "variant_type_id", "supplier_id", "selling_price", "cost_price", "stock_quantity", "min_stock_level", "reorder_level", "description", "image_url", "voltage", "wattage", "color_temperature", "lumens", "beam_type", "specifications", "has_variants") VALUES (58, '2026-02-26T01:59:35.718244+00:00', '2026-02-26T01:59:35.718244+00:00', 'XD14078564718', NULL, NULL, 'KMC', 12, NULL, NULL, 0, 0, 0, 0, 0, NULL, NULL, NULL, NULL, NULL, NULL, NULL, '{"tags":[]}'::jsonb, true) ON CONFLICT DO NOTHING;
INSERT INTO public.products ("id", "created_at", "updated_at", "name", "sku", "barcode", "brand", "category_id", "variant_type_id", "supplier_id", "selling_price", "cost_price", "stock_quantity", "min_stock_level", "reorder_level", "description", "image_url", "voltage", "wattage", "color_temperature", "lumens", "beam_type", "specifications", "has_variants") VALUES (61, '2026-02-26T02:19:55.609076+00:00', '2026-02-26T02:19:55.609076+00:00', 'Blak Trak 2/Bearcat', NULL, NULL, 'ROH', 12, NULL, NULL, 0, 0, 0, 0, 0, NULL, NULL, NULL, NULL, NULL, NULL, NULL, '{"tags":[]}'::jsonb, true) ON CONFLICT DO NOTHING;
INSERT INTO public.products ("id", "created_at", "updated_at", "name", "sku", "barcode", "brand", "category_id", "variant_type_id", "supplier_id", "selling_price", "cost_price", "stock_quantity", "min_stock_level", "reorder_level", "description", "image_url", "voltage", "wattage", "color_temperature", "lumens", "beam_type", "specifications", "has_variants") VALUES (60, '2026-02-26T02:18:00.012227+00:00', '2026-02-26T02:21:38.450254+00:00', 'Blak Trak 2', NULL, NULL, 'ROH', 12, NULL, NULL, 0, 0, 0, 0, 0, NULL, NULL, NULL, NULL, NULL, NULL, NULL, '{"tags":[],"socket":null,"internal_notes":""}'::jsonb, true) ON CONFLICT DO NOTHING;
INSERT INTO public.products ("id", "created_at", "updated_at", "name", "sku", "barcode", "brand", "category_id", "variant_type_id", "supplier_id", "selling_price", "cost_price", "stock_quantity", "min_stock_level", "reorder_level", "description", "image_url", "voltage", "wattage", "color_temperature", "lumens", "beam_type", "specifications", "has_variants") VALUES (62, '2026-02-26T02:25:40.428785+00:00', '2026-02-26T02:25:40.428785+00:00', 'Raid', NULL, NULL, 'ROH', 12, NULL, NULL, 0, 0, 0, 0, 0, NULL, NULL, NULL, NULL, NULL, NULL, NULL, '{"tags":[]}'::jsonb, true) ON CONFLICT DO NOTHING;
INSERT INTO public.products ("id", "created_at", "updated_at", "name", "sku", "barcode", "brand", "category_id", "variant_type_id", "supplier_id", "selling_price", "cost_price", "stock_quantity", "min_stock_level", "reorder_level", "description", "image_url", "voltage", "wattage", "color_temperature", "lumens", "beam_type", "specifications", "has_variants") VALUES (63, '2026-02-26T02:28:37.685813+00:00', '2026-02-26T02:28:37.685813+00:00', 'Vapour', NULL, NULL, 'ROH', 12, NULL, NULL, 0, 0, 0, 0, 0, NULL, NULL, NULL, NULL, NULL, NULL, NULL, '{"tags":[]}'::jsonb, true) ON CONFLICT DO NOTHING;
INSERT INTO public.products ("id", "created_at", "updated_at", "name", "sku", "barcode", "brand", "category_id", "variant_type_id", "supplier_id", "selling_price", "cost_price", "stock_quantity", "min_stock_level", "reorder_level", "description", "image_url", "voltage", "wattage", "color_temperature", "lumens", "beam_type", "specifications", "has_variants") VALUES (59, '2026-02-26T02:03:48.692017+00:00', '2026-02-26T02:29:32.02843+00:00', 'Dakarzero', NULL, NULL, 'EVO CORSE', 12, NULL, NULL, 0, 0, 0, 0, 0, NULL, NULL, NULL, NULL, 'Anthracite', NULL, NULL, '{"tags":[],"color":"15x7","internal_notes":"set of 5","color_temperature":"Anthracite","spec_1772000809098":"0"}'::jsonb, true) ON CONFLICT DO NOTHING;
INSERT INTO public.products ("id", "created_at", "updated_at", "name", "sku", "barcode", "brand", "category_id", "variant_type_id", "supplier_id", "selling_price", "cost_price", "stock_quantity", "min_stock_level", "reorder_level", "description", "image_url", "voltage", "wattage", "color_temperature", "lumens", "beam_type", "specifications", "has_variants") VALUES (64, '2026-02-26T02:33:59.320047+00:00', '2026-02-26T02:33:59.320047+00:00', 'Crawler', NULL, NULL, 'ROH', 12, NULL, NULL, 0, 0, 0, 0, 0, NULL, NULL, NULL, NULL, NULL, NULL, NULL, '{"tags":[]}'::jsonb, true) ON CONFLICT DO NOTHING;
INSERT INTO public.products ("id", "created_at", "updated_at", "name", "sku", "barcode", "brand", "category_id", "variant_type_id", "supplier_id", "selling_price", "cost_price", "stock_quantity", "min_stock_level", "reorder_level", "description", "image_url", "voltage", "wattage", "color_temperature", "lumens", "beam_type", "specifications", "has_variants") VALUES (65, '2026-02-26T02:39:37.348732+00:00', '2026-02-26T02:39:37.348732+00:00', 'Assault', NULL, NULL, 'ROH', 12, NULL, NULL, 0, 0, 0, 0, 0, NULL, NULL, NULL, NULL, NULL, NULL, NULL, '{"tags":[]}'::jsonb, true) ON CONFLICT DO NOTHING;
INSERT INTO public.products ("id", "created_at", "updated_at", "name", "sku", "barcode", "brand", "category_id", "variant_type_id", "supplier_id", "selling_price", "cost_price", "stock_quantity", "min_stock_level", "reorder_level", "description", "image_url", "voltage", "wattage", "color_temperature", "lumens", "beam_type", "specifications", "has_variants") VALUES (66, '2026-02-26T02:42:07.266503+00:00', '2026-02-26T02:42:07.266503+00:00', 'Trail Cross', NULL, NULL, 'ENKEI', 12, NULL, NULL, 0, 0, 0, 0, 0, NULL, NULL, NULL, NULL, NULL, NULL, NULL, '{"tags":[]}'::jsonb, true) ON CONFLICT DO NOTHING;
INSERT INTO public.products ("id", "created_at", "updated_at", "name", "sku", "barcode", "brand", "category_id", "variant_type_id", "supplier_id", "selling_price", "cost_price", "stock_quantity", "min_stock_level", "reorder_level", "description", "image_url", "voltage", "wattage", "color_temperature", "lumens", "beam_type", "specifications", "has_variants") VALUES (67, '2026-02-26T02:50:37.269687+00:00', '2026-02-26T02:50:37.269687+00:00', 'SC59', NULL, NULL, 'ENKEI', 12, NULL, NULL, 0, 0, 0, 0, 0, NULL, NULL, NULL, NULL, NULL, NULL, NULL, '{"tags":[]}'::jsonb, true) ON CONFLICT DO NOTHING;
INSERT INTO public.products ("id", "created_at", "updated_at", "name", "sku", "barcode", "brand", "category_id", "variant_type_id", "supplier_id", "selling_price", "cost_price", "stock_quantity", "min_stock_level", "reorder_level", "description", "image_url", "voltage", "wattage", "color_temperature", "lumens", "beam_type", "specifications", "has_variants") VALUES (68, '2026-02-26T02:53:05.961079+00:00', '2026-02-26T02:53:05.961079+00:00', 'Rally Racing', NULL, NULL, 'OZ RACING', 12, NULL, NULL, 0, 0, 0, 0, 0, NULL, NULL, NULL, NULL, NULL, NULL, NULL, '{"tags":[]}'::jsonb, true) ON CONFLICT DO NOTHING;
INSERT INTO public.products ("id", "created_at", "updated_at", "name", "sku", "barcode", "brand", "category_id", "variant_type_id", "supplier_id", "selling_price", "cost_price", "stock_quantity", "min_stock_level", "reorder_level", "description", "image_url", "voltage", "wattage", "color_temperature", "lumens", "beam_type", "specifications", "has_variants") VALUES (9, '2026-02-17T04:15:45.203966+00:00', '2026-02-26T06:14:34.727091+00:00', 'GPNE RS6X', NULL, NULL, 'GPNE', 1, NULL, NULL, 0, 0, 1, 5, 5, NULL, NULL, NULL, NULL, 'Dual Color', NULL, NULL, '{"tags":[],"internal_notes":"","color_temperature":"Dual Color "}'::jsonb, true) ON CONFLICT DO NOTHING;
INSERT INTO public.products ("id", "created_at", "updated_at", "name", "sku", "barcode", "brand", "category_id", "variant_type_id", "supplier_id", "selling_price", "cost_price", "stock_quantity", "min_stock_level", "reorder_level", "description", "image_url", "voltage", "wattage", "color_temperature", "lumens", "beam_type", "specifications", "has_variants") VALUES (7, '2026-02-17T04:02:59.507517+00:00', '2026-02-26T06:42:46.263062+00:00', 'GPNE R6', NULL, NULL, 'GPNE', 1, NULL, NULL, 0, 0, 0, 0, 0, NULL, NULL, NULL, NULL, 'All Weather', NULL, NULL, '{"tags":[],"color":null,"socket":null,"last_restock":{"date":"2026-02-17T04:04:09.409Z","quantity":1},"internal_notes":"","color_temperature":"All Weather"}'::jsonb, true) ON CONFLICT DO NOTHING;
INSERT INTO public.products ("id", "created_at", "updated_at", "name", "sku", "barcode", "brand", "category_id", "variant_type_id", "supplier_id", "selling_price", "cost_price", "stock_quantity", "min_stock_level", "reorder_level", "description", "image_url", "voltage", "wattage", "color_temperature", "lumens", "beam_type", "specifications", "has_variants") VALUES (70, '2026-02-26T06:39:13.858602+00:00', '2026-02-26T08:27:19.598046+00:00', 'VLF S16', NULL, NULL, 'VLF', 12, NULL, NULL, 0, 0, 0, 0, 0, NULL, NULL, NULL, NULL, 'Matte Black', NULL, NULL, '{"tags":[],"color":"15x7","internal_notes":"set of 4","color_temperature":"Matte Black","spec_1772000809098":"-6"}'::jsonb, true) ON CONFLICT DO NOTHING;
INSERT INTO public.products ("id", "created_at", "updated_at", "name", "sku", "barcode", "brand", "category_id", "variant_type_id", "supplier_id", "selling_price", "cost_price", "stock_quantity", "min_stock_level", "reorder_level", "description", "image_url", "voltage", "wattage", "color_temperature", "lumens", "beam_type", "specifications", "has_variants") VALUES (69, '2026-02-26T06:32:32.197759+00:00', '2026-02-26T08:30:53.371704+00:00', 'VLF S47B ', NULL, NULL, 'VLF', 12, NULL, NULL, 0, 0, 0, 0, 0, NULL, NULL, NULL, NULL, 'Silver Brush', NULL, NULL, '{"tags":[],"color":"17x8.5","internal_notes":"set of 4","color_temperature":"Silver Brush","spec_1772000809098":"-10"}'::jsonb, true) ON CONFLICT DO NOTHING;

-- Table: product_variants
INSERT INTO public.product_variants ("id", "created_at", "product_id", "variant_id", "variant_type", "color_temperature", "variant_sku", "variant_barcode", "selling_price", "cost_price", "stock_quantity", "min_stock_level", "is_primary", "description", "price_adjustment", "variant_color", "specifications") VALUES (29, '2026-02-17T04:17:57.707266+00:00', 10, 24, 'H1', '4300', 'null-29', NULL, 5000, 0, 1, 5, false, NULL, 0, NULL, '{}'::jsonb) ON CONFLICT DO NOTHING;
INSERT INTO public.product_variants ("id", "created_at", "product_id", "variant_id", "variant_type", "color_temperature", "variant_sku", "variant_barcode", "selling_price", "cost_price", "stock_quantity", "min_stock_level", "is_primary", "description", "price_adjustment", "variant_color", "specifications") VALUES (67, '2026-02-18T02:17:38.865909+00:00', 15, 24, 'H1', '5700', NULL, NULL, 7500, 0, 1, 5, false, '', 0, '5700K', '{}'::jsonb) ON CONFLICT DO NOTHING;
INSERT INTO public.product_variants ("id", "created_at", "product_id", "variant_id", "variant_type", "color_temperature", "variant_sku", "variant_barcode", "selling_price", "cost_price", "stock_quantity", "min_stock_level", "is_primary", "description", "price_adjustment", "variant_color", "specifications") VALUES (20, '2026-02-17T04:02:59.920591+00:00', 7, 22, '9005 (HB3)', '4300', 'null-20', 'null-20', 6000, 0, 8, 5, false, NULL, 0, NULL, '{"tags":[],"color":"","last_restock":{"date":"2026-02-17T04:04:09.409Z","quantity":1},"internal_notes":""}'::jsonb) ON CONFLICT DO NOTHING;
INSERT INTO public.product_variants ("id", "created_at", "product_id", "variant_id", "variant_type", "color_temperature", "variant_sku", "variant_barcode", "selling_price", "cost_price", "stock_quantity", "min_stock_level", "is_primary", "description", "price_adjustment", "variant_color", "specifications") VALUES (68, '2026-02-18T02:17:38.865909+00:00', 15, 22, '9005 (HB3)', '5700', NULL, NULL, 7500, 0, 1, 5, false, '', 0, '5700K', '{}'::jsonb) ON CONFLICT DO NOTHING;
INSERT INTO public.product_variants ("id", "created_at", "product_id", "variant_id", "variant_type", "color_temperature", "variant_sku", "variant_barcode", "selling_price", "cost_price", "stock_quantity", "min_stock_level", "is_primary", "description", "price_adjustment", "variant_color", "specifications") VALUES (69, '2026-02-18T02:34:15.650503+00:00', 16, 25, '9006 (HB4)', '4300', NULL, NULL, 6900, 0, 2, 5, false, '', 0, '4300K', '{}'::jsonb) ON CONFLICT DO NOTHING;
INSERT INTO public.product_variants ("id", "created_at", "product_id", "variant_id", "variant_type", "color_temperature", "variant_sku", "variant_barcode", "selling_price", "cost_price", "stock_quantity", "min_stock_level", "is_primary", "description", "price_adjustment", "variant_color", "specifications") VALUES (66, '2026-02-18T02:17:38.865909+00:00', 15, 25, '9006 (HB4)', '5700', 'null-66', NULL, 7500, 0, 3, 5, false, NULL, 0, '5700K', '{"color":"","internal_notes":""}'::jsonb) ON CONFLICT DO NOTHING;
INSERT INTO public.product_variants ("id", "created_at", "product_id", "variant_id", "variant_type", "color_temperature", "variant_sku", "variant_barcode", "selling_price", "cost_price", "stock_quantity", "min_stock_level", "is_primary", "description", "price_adjustment", "variant_color", "specifications") VALUES (37, '2026-02-17T23:21:21.200279+00:00', 12, 33, '20"', 'Red', NULL, NULL, 1200, 0, 5, 5, false, '', 0, 'RedK', '{}'::jsonb) ON CONFLICT DO NOTHING;
INSERT INTO public.product_variants ("id", "created_at", "product_id", "variant_id", "variant_type", "color_temperature", "variant_sku", "variant_barcode", "selling_price", "cost_price", "stock_quantity", "min_stock_level", "is_primary", "description", "price_adjustment", "variant_color", "specifications") VALUES (38, '2026-02-17T23:21:21.200279+00:00', 12, 34, '22"', 'Red', NULL, NULL, 1200, 0, 5, 5, false, '', 0, 'RedK', '{}'::jsonb) ON CONFLICT DO NOTHING;
INSERT INTO public.product_variants ("id", "created_at", "product_id", "variant_id", "variant_type", "color_temperature", "variant_sku", "variant_barcode", "selling_price", "cost_price", "stock_quantity", "min_stock_level", "is_primary", "description", "price_adjustment", "variant_color", "specifications") VALUES (39, '2026-02-17T23:21:21.200279+00:00', 12, 35, '24"', 'Red', NULL, NULL, 1300, 0, 5, 5, false, '', 0, 'RedK', '{}'::jsonb) ON CONFLICT DO NOTHING;
INSERT INTO public.product_variants ("id", "created_at", "product_id", "variant_id", "variant_type", "color_temperature", "variant_sku", "variant_barcode", "selling_price", "cost_price", "stock_quantity", "min_stock_level", "is_primary", "description", "price_adjustment", "variant_color", "specifications") VALUES (40, '2026-02-17T23:21:21.200279+00:00', 12, 36, '26"', 'Red', NULL, NULL, 1300, 0, 4, 5, false, '', 0, 'RedK', '{}'::jsonb) ON CONFLICT DO NOTHING;
INSERT INTO public.product_variants ("id", "created_at", "product_id", "variant_id", "variant_type", "color_temperature", "variant_sku", "variant_barcode", "selling_price", "cost_price", "stock_quantity", "min_stock_level", "is_primary", "description", "price_adjustment", "variant_color", "specifications") VALUES (70, '2026-02-18T02:34:15.650503+00:00', 16, 25, '9006 (HB4)', '6000', NULL, NULL, 6900, 0, 1, 5, false, '', 0, '6000K', '{}'::jsonb) ON CONFLICT DO NOTHING;
INSERT INTO public.product_variants ("id", "created_at", "product_id", "variant_id", "variant_type", "color_temperature", "variant_sku", "variant_barcode", "selling_price", "cost_price", "stock_quantity", "min_stock_level", "is_primary", "description", "price_adjustment", "variant_color", "specifications") VALUES (24, '2026-02-17T04:02:59.920591+00:00', 7, 26, 'H27', '6000', 'null-24', 'null-24', 6000, 0, 2, 5, false, NULL, 0, NULL, '{"tags":[],"color":"","last_restock":{"date":"2026-02-17T04:04:09.409Z","quantity":1},"internal_notes":""}'::jsonb) ON CONFLICT DO NOTHING;
INSERT INTO public.product_variants ("id", "created_at", "product_id", "variant_id", "variant_type", "color_temperature", "variant_sku", "variant_barcode", "selling_price", "cost_price", "stock_quantity", "min_stock_level", "is_primary", "description", "price_adjustment", "variant_color", "specifications") VALUES (17, '2026-02-17T04:02:59.920591+00:00', 7, 25, '9006 (HB4)', '6000', 'null-17', NULL, 6000, 0, 5, 5, false, NULL, 0, NULL, '{}'::jsonb) ON CONFLICT DO NOTHING;
INSERT INTO public.product_variants ("id", "created_at", "product_id", "variant_id", "variant_type", "color_temperature", "variant_sku", "variant_barcode", "selling_price", "cost_price", "stock_quantity", "min_stock_level", "is_primary", "description", "price_adjustment", "variant_color", "specifications") VALUES (34, '2026-02-17T23:21:21.200279+00:00', 12, 30, '17"', 'Red', 'null-34', NULL, 1100, 0, 5, 5, false, NULL, 0, 'RedK', '{"tags":[],"color":"Red","last_restock":{"date":"2026-02-17T23:21:56.532Z","quantity":1},"internal_notes":""}'::jsonb) ON CONFLICT DO NOTHING;
INSERT INTO public.product_variants ("id", "created_at", "product_id", "variant_id", "variant_type", "color_temperature", "variant_sku", "variant_barcode", "selling_price", "cost_price", "stock_quantity", "min_stock_level", "is_primary", "description", "price_adjustment", "variant_color", "specifications") VALUES (23, '2026-02-17T04:02:59.920591+00:00', 7, 26, 'H27', '4300', 'null-23', NULL, 6000, 0, 1, 5, false, NULL, 0, NULL, '{}'::jsonb) ON CONFLICT DO NOTHING;
INSERT INTO public.product_variants ("id", "created_at", "product_id", "variant_id", "variant_type", "color_temperature", "variant_sku", "variant_barcode", "selling_price", "cost_price", "stock_quantity", "min_stock_level", "is_primary", "description", "price_adjustment", "variant_color", "specifications") VALUES (22, '2026-02-17T04:02:59.920591+00:00', 7, 23, '9012 (HIR2)', '4300', 'null-22', NULL, 6000, 0, 5, 5, false, NULL, 0, NULL, '{}'::jsonb) ON CONFLICT DO NOTHING;
INSERT INTO public.product_variants ("id", "created_at", "product_id", "variant_id", "variant_type", "color_temperature", "variant_sku", "variant_barcode", "selling_price", "cost_price", "stock_quantity", "min_stock_level", "is_primary", "description", "price_adjustment", "variant_color", "specifications") VALUES (21, '2026-02-17T04:02:59.920591+00:00', 7, 23, '9012 (HIR2)', '6000', 'null-21', NULL, 6000, 0, 6, 5, false, NULL, 0, NULL, '{}'::jsonb) ON CONFLICT DO NOTHING;
INSERT INTO public.product_variants ("id", "created_at", "product_id", "variant_id", "variant_type", "color_temperature", "variant_sku", "variant_barcode", "selling_price", "cost_price", "stock_quantity", "min_stock_level", "is_primary", "description", "price_adjustment", "variant_color", "specifications") VALUES (16, '2026-02-17T04:02:59.920591+00:00', 7, 24, 'H1', '6000', 'null-16', NULL, 6000, 6000, 3, 5, false, NULL, 0, NULL, '{}'::jsonb) ON CONFLICT DO NOTHING;
INSERT INTO public.product_variants ("id", "created_at", "product_id", "variant_id", "variant_type", "color_temperature", "variant_sku", "variant_barcode", "selling_price", "cost_price", "stock_quantity", "min_stock_level", "is_primary", "description", "price_adjustment", "variant_color", "specifications") VALUES (18, '2026-02-17T04:02:59.920591+00:00', 7, 3, 'H7', '6000', 'null-18', NULL, 6000, 0, 1, 5, false, NULL, 0, NULL, '{}'::jsonb) ON CONFLICT DO NOTHING;
INSERT INTO public.product_variants ("id", "created_at", "product_id", "variant_id", "variant_type", "color_temperature", "variant_sku", "variant_barcode", "selling_price", "cost_price", "stock_quantity", "min_stock_level", "is_primary", "description", "price_adjustment", "variant_color", "specifications") VALUES (19, '2026-02-17T04:02:59.920591+00:00', 7, 3, 'H7', '4300', 'null-19', NULL, 6000, 0, 2, 5, false, NULL, 0, NULL, '{}'::jsonb) ON CONFLICT DO NOTHING;
INSERT INTO public.product_variants ("id", "created_at", "product_id", "variant_id", "variant_type", "color_temperature", "variant_sku", "variant_barcode", "selling_price", "cost_price", "stock_quantity", "min_stock_level", "is_primary", "description", "price_adjustment", "variant_color", "specifications") VALUES (26, '2026-02-17T04:11:21.427321+00:00', 8, 22, '9005 (HB3)', '6000', 'null-26', NULL, 8500, 0, 1, 5, false, NULL, 0, NULL, '{}'::jsonb) ON CONFLICT DO NOTHING;
INSERT INTO public.product_variants ("id", "created_at", "product_id", "variant_id", "variant_type", "color_temperature", "variant_sku", "variant_barcode", "selling_price", "cost_price", "stock_quantity", "min_stock_level", "is_primary", "description", "price_adjustment", "variant_color", "specifications") VALUES (25, '2026-02-17T04:11:21.427321+00:00', 8, 25, '9006 (HB4)', '6000', 'null-25', NULL, 8500, 0, 1, 5, false, NULL, 0, NULL, '{}'::jsonb) ON CONFLICT DO NOTHING;
INSERT INTO public.product_variants ("id", "created_at", "product_id", "variant_id", "variant_type", "color_temperature", "variant_sku", "variant_barcode", "selling_price", "cost_price", "stock_quantity", "min_stock_level", "is_primary", "description", "price_adjustment", "variant_color", "specifications") VALUES (72, '2026-02-18T02:34:15.650503+00:00', 16, 3, 'H7', '5000', NULL, NULL, 0, 0, 1, 5, false, '', 0, '5000K', '{}'::jsonb) ON CONFLICT DO NOTHING;
INSERT INTO public.product_variants ("id", "created_at", "product_id", "variant_id", "variant_type", "color_temperature", "variant_sku", "variant_barcode", "selling_price", "cost_price", "stock_quantity", "min_stock_level", "is_primary", "description", "price_adjustment", "variant_color", "specifications") VALUES (73, '2026-02-18T02:34:15.650503+00:00', 16, 43, 'H8/H9/H11/H16', '5000', NULL, NULL, 0, 0, 1, 5, false, '', 0, '5000K', '{}'::jsonb) ON CONFLICT DO NOTHING;
INSERT INTO public.product_variants ("id", "created_at", "product_id", "variant_id", "variant_type", "color_temperature", "variant_sku", "variant_barcode", "selling_price", "cost_price", "stock_quantity", "min_stock_level", "is_primary", "description", "price_adjustment", "variant_color", "specifications") VALUES (35, '2026-02-17T23:21:21.200279+00:00', 12, 31, '18"', 'Red', 'null-35', NULL, 1100, 0, 12, 5, false, NULL, 0, 'RedK', '{"tags":[],"color":"","last_restock":{"date":"2026-02-17T23:21:56.532Z","quantity":1},"internal_notes":""}'::jsonb) ON CONFLICT DO NOTHING;
INSERT INTO public.product_variants ("id", "created_at", "product_id", "variant_id", "variant_type", "color_temperature", "variant_sku", "variant_barcode", "selling_price", "cost_price", "stock_quantity", "min_stock_level", "is_primary", "description", "price_adjustment", "variant_color", "specifications") VALUES (46, '2026-02-17T23:29:24.32874+00:00', 12, 33, '20"', 'Purple', 'null-46', NULL, 1500, 0, 3, 5, false, NULL, 0, 'Purple', '{}'::jsonb) ON CONFLICT DO NOTHING;
INSERT INTO public.product_variants ("id", "created_at", "product_id", "variant_id", "variant_type", "color_temperature", "variant_sku", "variant_barcode", "selling_price", "cost_price", "stock_quantity", "min_stock_level", "is_primary", "description", "price_adjustment", "variant_color", "specifications") VALUES (47, '2026-02-17T23:30:12.504051+00:00', 12, 34, '22"', 'Purple', 'null-47', NULL, 1400, 0, 5, 5, false, NULL, 0, 'Purple', '{}'::jsonb) ON CONFLICT DO NOTHING;
INSERT INTO public.product_variants ("id", "created_at", "product_id", "variant_id", "variant_type", "color_temperature", "variant_sku", "variant_barcode", "selling_price", "cost_price", "stock_quantity", "min_stock_level", "is_primary", "description", "price_adjustment", "variant_color", "specifications") VALUES (48, '2026-02-17T23:30:59.20278+00:00', 12, 35, '24"', 'Purple', 'null-48', NULL, 1600, 0, 8, 5, false, NULL, 0, 'Purple', '{}'::jsonb) ON CONFLICT DO NOTHING;
INSERT INTO public.product_variants ("id", "created_at", "product_id", "variant_id", "variant_type", "color_temperature", "variant_sku", "variant_barcode", "selling_price", "cost_price", "stock_quantity", "min_stock_level", "is_primary", "description", "price_adjustment", "variant_color", "specifications") VALUES (49, '2026-02-17T23:33:28.968284+00:00', 12, 38, '28"', 'Purple', 'null-49', NULL, 1800, 0, 5, 5, false, NULL, 0, 'Purple', '{}'::jsonb) ON CONFLICT DO NOTHING;
INSERT INTO public.product_variants ("id", "created_at", "product_id", "variant_id", "variant_type", "color_temperature", "variant_sku", "variant_barcode", "selling_price", "cost_price", "stock_quantity", "min_stock_level", "is_primary", "description", "price_adjustment", "variant_color", "specifications") VALUES (62, '2026-02-18T02:09:41.986286+00:00', 14, 42, 'H8/H9/H11', '3000', NULL, NULL, 3200, 0, 1, 5, false, '', 0, '3000K', '{}'::jsonb) ON CONFLICT DO NOTHING;
INSERT INTO public.product_variants ("id", "created_at", "product_id", "variant_id", "variant_type", "color_temperature", "variant_sku", "variant_barcode", "selling_price", "cost_price", "stock_quantity", "min_stock_level", "is_primary", "description", "price_adjustment", "variant_color", "specifications") VALUES (64, '2026-02-18T02:09:41.986286+00:00', 14, 42, 'H8/H9/H11', '6000-6500', NULL, NULL, 3200, 0, 1, 5, false, '', 0, '6000-6500K', '{}'::jsonb) ON CONFLICT DO NOTHING;
INSERT INTO public.product_variants ("id", "created_at", "product_id", "variant_id", "variant_type", "color_temperature", "variant_sku", "variant_barcode", "selling_price", "cost_price", "stock_quantity", "min_stock_level", "is_primary", "description", "price_adjustment", "variant_color", "specifications") VALUES (65, '2026-02-18T02:09:41.986286+00:00', 14, 23, '9012 (HIR2)', '6000-6500', NULL, NULL, 3200, 0, 1, 5, false, '', 0, '6000-6500K', '{}'::jsonb) ON CONFLICT DO NOTHING;
INSERT INTO public.product_variants ("id", "created_at", "product_id", "variant_id", "variant_type", "color_temperature", "variant_sku", "variant_barcode", "selling_price", "cost_price", "stock_quantity", "min_stock_level", "is_primary", "description", "price_adjustment", "variant_color", "specifications") VALUES (74, '2026-02-18T02:37:48.683063+00:00', 17, 44, 'H15', '5000-5700', 'null-74', NULL, 3000, 0, 3, 5, false, NULL, 0, 'ZES', '{}'::jsonb) ON CONFLICT DO NOTHING;
INSERT INTO public.product_variants ("id", "created_at", "product_id", "variant_id", "variant_type", "color_temperature", "variant_sku", "variant_barcode", "selling_price", "cost_price", "stock_quantity", "min_stock_level", "is_primary", "description", "price_adjustment", "variant_color", "specifications") VALUES (75, '2026-02-18T02:50:37.887515+00:00', 18, 3, 'H7', '4200', NULL, NULL, 6500, 0, 2, 5, false, '', 0, '4200K', '{}'::jsonb) ON CONFLICT DO NOTHING;
INSERT INTO public.product_variants ("id", "created_at", "product_id", "variant_id", "variant_type", "color_temperature", "variant_sku", "variant_barcode", "selling_price", "cost_price", "stock_quantity", "min_stock_level", "is_primary", "description", "price_adjustment", "variant_color", "specifications") VALUES (76, '2026-02-18T02:52:37.055325+00:00', 19, 27, 'H4', '3000', NULL, NULL, 4500, 0, 1, 5, false, '', 0, '3000K', '{}'::jsonb) ON CONFLICT DO NOTHING;
INSERT INTO public.product_variants ("id", "created_at", "product_id", "variant_id", "variant_type", "color_temperature", "variant_sku", "variant_barcode", "selling_price", "cost_price", "stock_quantity", "min_stock_level", "is_primary", "description", "price_adjustment", "variant_color", "specifications") VALUES (61, '2026-02-18T01:51:49.178165+00:00', 13, 48, 'H4', '6000', 'null-61', NULL, 5000, 0, 1, 5, false, NULL, 0, '6000K', '{}'::jsonb) ON CONFLICT DO NOTHING;
INSERT INTO public.product_variants ("id", "created_at", "product_id", "variant_id", "variant_type", "color_temperature", "variant_sku", "variant_barcode", "selling_price", "cost_price", "stock_quantity", "min_stock_level", "is_primary", "description", "price_adjustment", "variant_color", "specifications") VALUES (60, '2026-02-18T01:51:49.178165+00:00', 13, 24, 'H1', '6000', 'null-60', NULL, 5000, 0, 2, 5, false, NULL, 0, '6000K', '{}'::jsonb) ON CONFLICT DO NOTHING;
INSERT INTO public.product_variants ("id", "created_at", "product_id", "variant_id", "variant_type", "color_temperature", "variant_sku", "variant_barcode", "selling_price", "cost_price", "stock_quantity", "min_stock_level", "is_primary", "description", "price_adjustment", "variant_color", "specifications") VALUES (63, '2026-02-18T02:09:41.986286+00:00', 14, 3, 'H7', '6000-6500', 'null-63', NULL, 3200, 0, 1, 5, false, NULL, 0, '6000-6500K', '{"internal_notes":"","color_temperature":"6000-6500K"}'::jsonb) ON CONFLICT DO NOTHING;
INSERT INTO public.product_variants ("id", "created_at", "product_id", "variant_id", "variant_type", "color_temperature", "variant_sku", "variant_barcode", "selling_price", "cost_price", "stock_quantity", "min_stock_level", "is_primary", "description", "price_adjustment", "variant_color", "specifications") VALUES (15, '2026-02-17T04:02:59.920591+00:00', 7, 25, '9006 (HB4)', '4300', 'null-15', 'null-15', 6000, NULL, 9, 5, false, NULL, 0, NULL, '{"tags":[],"color":"4300","last_restock":{"date":"2026-02-17T04:04:09.409Z","quantity":1},"internal_notes":""}'::jsonb) ON CONFLICT DO NOTHING;
INSERT INTO public.product_variants ("id", "created_at", "product_id", "variant_id", "variant_type", "color_temperature", "variant_sku", "variant_barcode", "selling_price", "cost_price", "stock_quantity", "min_stock_level", "is_primary", "description", "price_adjustment", "variant_color", "specifications") VALUES (27, '2026-02-17T04:15:45.483932+00:00', 9, 22, '9005 (HB3)', 'Dual Color', 'null-27', 'null-27', 6000, 0, 3, 5, false, NULL, 0, NULL, '{"tags":[],"internal_notes":"","color_temperature":"Dual Color "}'::jsonb) ON CONFLICT DO NOTHING;
INSERT INTO public.product_variants ("id", "created_at", "product_id", "variant_id", "variant_type", "color_temperature", "variant_sku", "variant_barcode", "selling_price", "cost_price", "stock_quantity", "min_stock_level", "is_primary", "description", "price_adjustment", "variant_color", "specifications") VALUES (77, '2026-02-18T03:13:54.22144+00:00', 11, 18, 'H11', NULL, 'null-77', NULL, 3750, 0, 5, 5, false, NULL, 0, 'universal', '{}'::jsonb) ON CONFLICT DO NOTHING;
INSERT INTO public.product_variants ("id", "created_at", "product_id", "variant_id", "variant_type", "color_temperature", "variant_sku", "variant_barcode", "selling_price", "cost_price", "stock_quantity", "min_stock_level", "is_primary", "description", "price_adjustment", "variant_color", "specifications") VALUES (30, '2026-02-17T05:00:24.721951+00:00', 11, 50, 'H4', NULL, 'null-30', 'null-30', 3750, 0, 23, 5, false, NULL, 0, 'universal
', '{"tags":[],"internal_notes":""}'::jsonb) ON CONFLICT DO NOTHING;
INSERT INTO public.product_variants ("id", "created_at", "product_id", "variant_id", "variant_type", "color_temperature", "variant_sku", "variant_barcode", "selling_price", "cost_price", "stock_quantity", "min_stock_level", "is_primary", "description", "price_adjustment", "variant_color", "specifications") VALUES (32, '2026-02-17T23:21:21.200279+00:00', 12, 28, '12"', 'Red', 'null-32', 'null-32', 1100, 0, 5, 5, false, NULL, 0, 'RedK', '{"tags":[],"color":"Red","last_restock":{"date":"2026-02-17T23:21:56.532Z","quantity":1},"internal_notes":""}'::jsonb) ON CONFLICT DO NOTHING;
INSERT INTO public.product_variants ("id", "created_at", "product_id", "variant_id", "variant_type", "color_temperature", "variant_sku", "variant_barcode", "selling_price", "cost_price", "stock_quantity", "min_stock_level", "is_primary", "description", "price_adjustment", "variant_color", "specifications") VALUES (41, '2026-02-17T23:24:42.748564+00:00', 12, 37, '14"', 'Purple', 'null-41', 'null-41', 1200, 0, 7, 5, false, NULL, 0, NULL, '{"tags":[],"color":"Purple","last_restock":{"date":"2026-02-17T23:21:56.532Z","quantity":1},"internal_notes":""}'::jsonb) ON CONFLICT DO NOTHING;
INSERT INTO public.product_variants ("id", "created_at", "product_id", "variant_id", "variant_type", "color_temperature", "variant_sku", "variant_barcode", "selling_price", "cost_price", "stock_quantity", "min_stock_level", "is_primary", "description", "price_adjustment", "variant_color", "specifications") VALUES (33, '2026-02-17T23:21:21.200279+00:00', 12, 29, '16"', 'Red', 'null-33', NULL, 1100, 0, 3, 5, false, NULL, 0, 'RedK', '{"tags":[],"color":"Red","last_restock":{"date":"2026-02-17T23:21:56.532Z","quantity":1},"internal_notes":""}'::jsonb) ON CONFLICT DO NOTHING;
INSERT INTO public.product_variants ("id", "created_at", "product_id", "variant_id", "variant_type", "color_temperature", "variant_sku", "variant_barcode", "selling_price", "cost_price", "stock_quantity", "min_stock_level", "is_primary", "description", "price_adjustment", "variant_color", "specifications") VALUES (36, '2026-02-17T23:21:21.200279+00:00', 12, 32, '19"', 'Red', 'null-36', NULL, 1100, 0, 3, 5, false, NULL, 0, 'RedK', '{"tags":[],"color":"Yellow","last_restock":{"date":"2026-02-17T23:21:56.532Z","quantity":1},"variant_type":"","internal_notes":"","color_temperature":"Red"}'::jsonb) ON CONFLICT DO NOTHING;
INSERT INTO public.product_variants ("id", "created_at", "product_id", "variant_id", "variant_type", "color_temperature", "variant_sku", "variant_barcode", "selling_price", "cost_price", "stock_quantity", "min_stock_level", "is_primary", "description", "price_adjustment", "variant_color", "specifications") VALUES (55, '2026-02-17T23:39:56.375832+00:00', 12, 35, '24"', 'Green', 'null-55', NULL, 1600, 0, 5, 5, false, NULL, 0, NULL, '{"tags":[],"color":"Green","last_restock":{"date":"2026-02-17T23:21:56.532Z","quantity":1},"variant_type":"","internal_notes":""}'::jsonb) ON CONFLICT DO NOTHING;
INSERT INTO public.product_variants ("id", "created_at", "product_id", "variant_id", "variant_type", "color_temperature", "variant_sku", "variant_barcode", "selling_price", "cost_price", "stock_quantity", "min_stock_level", "is_primary", "description", "price_adjustment", "variant_color", "specifications") VALUES (45, '2026-02-17T23:28:35.061509+00:00', 12, 32, '19"', 'Purple', 'null-45', 'null-45', 1400, 0, 4, 5, false, NULL, 0, NULL, '{"tags":[],"color":"Yellow","last_restock":{"date":"2026-02-17T23:21:56.532Z","quantity":1},"variant_type":"","internal_notes":""}'::jsonb) ON CONFLICT DO NOTHING;
INSERT INTO public.product_variants ("id", "created_at", "product_id", "variant_id", "variant_type", "color_temperature", "variant_sku", "variant_barcode", "selling_price", "cost_price", "stock_quantity", "min_stock_level", "is_primary", "description", "price_adjustment", "variant_color", "specifications") VALUES (28, '2026-02-17T04:15:45.483932+00:00', 9, 58, 'H4', 'Dual Color', 'null-28', 'null-28', 6000, 0, 6, 5, false, NULL, 0, NULL, '{"tags":[],"internal_notes":"","color_temperature":"Dual Color "}'::jsonb) ON CONFLICT DO NOTHING;
INSERT INTO public.product_variants ("id", "created_at", "product_id", "variant_id", "variant_type", "color_temperature", "variant_sku", "variant_barcode", "selling_price", "cost_price", "stock_quantity", "min_stock_level", "is_primary", "description", "price_adjustment", "variant_color", "specifications") VALUES (57, '2026-02-17T23:41:09.700261+00:00', 12, 40, '11"', 'Yellow', 'null-57', NULL, 1050, 0, 4, 5, false, NULL, 0, NULL, '{"tags":[],"color":"Yellow","last_restock":{"date":"2026-02-17T23:21:56.532Z","quantity":1},"internal_notes":""}'::jsonb) ON CONFLICT DO NOTHING;
INSERT INTO public.product_variants ("id", "created_at", "product_id", "variant_id", "variant_type", "color_temperature", "variant_sku", "variant_barcode", "selling_price", "cost_price", "stock_quantity", "min_stock_level", "is_primary", "description", "price_adjustment", "variant_color", "specifications") VALUES (44, '2026-02-17T23:28:06.916971+00:00', 12, 31, '18"', 'Purple', 'null-44', NULL, 1400, 0, 4, 5, false, NULL, 0, NULL, '{"tags":[],"color":"Purple","last_restock":{"date":"2026-02-17T23:21:56.532Z","quantity":1},"internal_notes":""}'::jsonb) ON CONFLICT DO NOTHING;
INSERT INTO public.product_variants ("id", "created_at", "product_id", "variant_id", "variant_type", "color_temperature", "variant_sku", "variant_barcode", "selling_price", "cost_price", "stock_quantity", "min_stock_level", "is_primary", "description", "price_adjustment", "variant_color", "specifications") VALUES (51, '2026-02-17T23:37:55.388727+00:00', 12, 29, '16"', 'Green', 'null-51', NULL, 1200, 0, 5, 5, false, NULL, 0, NULL, '{"tags":[],"color":"Green","last_restock":{"date":"2026-02-17T23:21:56.532Z","quantity":1},"variant_type":"","internal_notes":""}'::jsonb) ON CONFLICT DO NOTHING;
INSERT INTO public.product_variants ("id", "created_at", "product_id", "variant_id", "variant_type", "color_temperature", "variant_sku", "variant_barcode", "selling_price", "cost_price", "stock_quantity", "min_stock_level", "is_primary", "description", "price_adjustment", "variant_color", "specifications") VALUES (59, '2026-02-17T23:42:27.987196+00:00', 12, 41, '13"', 'Yellow', 'null-59', NULL, 1150, 0, 5, 5, false, NULL, 0, NULL, '{"tags":[],"color":"Yellow","last_restock":{"date":"2026-02-17T23:21:56.532Z","quantity":1},"variant_type":"","internal_notes":""}'::jsonb) ON CONFLICT DO NOTHING;
INSERT INTO public.product_variants ("id", "created_at", "product_id", "variant_id", "variant_type", "color_temperature", "variant_sku", "variant_barcode", "selling_price", "cost_price", "stock_quantity", "min_stock_level", "is_primary", "description", "price_adjustment", "variant_color", "specifications") VALUES (88, '2026-02-25T06:52:44.723265+00:00', 30, 51, '6x114.3', 'Matte Black', NULL, NULL, 12500, 0, 4, 4, false, '', 0, '18x9', '{"color":"18x9","internal_notes":"","color_temperature":"Matte Black","spec_1772000809098":"12"}'::jsonb) ON CONFLICT DO NOTHING;
INSERT INTO public.product_variants ("id", "created_at", "product_id", "variant_id", "variant_type", "color_temperature", "variant_sku", "variant_barcode", "selling_price", "cost_price", "stock_quantity", "min_stock_level", "is_primary", "description", "price_adjustment", "variant_color", "specifications") VALUES (42, '2026-02-17T23:25:59.28453+00:00', 12, 29, '16"', 'Purple', 'null-42', NULL, 1300, 0, 5, 5, false, NULL, 0, NULL, '{"tags":[],"color":"Yellow","last_restock":{"date":"2026-02-17T23:21:56.532Z","quantity":1},"variant_type":"","internal_notes":""}'::jsonb) ON CONFLICT DO NOTHING;
INSERT INTO public.product_variants ("id", "created_at", "product_id", "variant_id", "variant_type", "color_temperature", "variant_sku", "variant_barcode", "selling_price", "cost_price", "stock_quantity", "min_stock_level", "is_primary", "description", "price_adjustment", "variant_color", "specifications") VALUES (52, '2026-02-17T23:38:19.991003+00:00', 12, 32, '19"', 'Green', 'null-52', NULL, 1400, 0, 2, 5, false, NULL, 0, NULL, '{"tags":[],"color":"Yellow","last_restock":{"date":"2026-02-17T23:21:56.532Z","quantity":1},"variant_type":"","internal_notes":""}'::jsonb) ON CONFLICT DO NOTHING;
INSERT INTO public.product_variants ("id", "created_at", "product_id", "variant_id", "variant_type", "color_temperature", "variant_sku", "variant_barcode", "selling_price", "cost_price", "stock_quantity", "min_stock_level", "is_primary", "description", "price_adjustment", "variant_color", "specifications") VALUES (89, '2026-02-25T06:52:44.723265+00:00', 30, 53, '6x139.7', 'Black with Machined', NULL, NULL, 11000, 0, 4, 4, false, '', 0, '17', '{"color":"17","internal_notes":"","color_temperature":"Black with Machined","spec_1772000809098":"n/a"}'::jsonb) ON CONFLICT DO NOTHING;
INSERT INTO public.product_variants ("id", "created_at", "product_id", "variant_id", "variant_type", "color_temperature", "variant_sku", "variant_barcode", "selling_price", "cost_price", "stock_quantity", "min_stock_level", "is_primary", "description", "price_adjustment", "variant_color", "specifications") VALUES (43, '2026-02-17T23:27:29.406148+00:00', 12, 30, '17"', 'Purple', 'null-43', 'null-43', 1350, 0, 1, 5, false, NULL, 0, NULL, '{"tags":[],"color":"Yellow","last_restock":{"date":"2026-02-17T23:21:56.532Z","quantity":1},"variant_type":"","internal_notes":"","color_temperature":"Yellow"}'::jsonb) ON CONFLICT DO NOTHING;
INSERT INTO public.product_variants ("id", "created_at", "product_id", "variant_id", "variant_type", "color_temperature", "variant_sku", "variant_barcode", "selling_price", "cost_price", "stock_quantity", "min_stock_level", "is_primary", "description", "price_adjustment", "variant_color", "specifications") VALUES (58, '2026-02-17T23:41:34.741267+00:00', 12, 28, '12"', 'Yellow', 'null-58', 'null-58', 1100, 0, 5, 5, false, NULL, 0, 'Yellow', '{"tags":[],"color":"Yellow","last_restock":{"date":"2026-02-17T23:21:56.532Z","quantity":1},"variant_type":"","internal_notes":"","color_temperature":"Yellow"}'::jsonb) ON CONFLICT DO NOTHING;
INSERT INTO public.product_variants ("id", "created_at", "product_id", "variant_id", "variant_type", "color_temperature", "variant_sku", "variant_barcode", "selling_price", "cost_price", "stock_quantity", "min_stock_level", "is_primary", "description", "price_adjustment", "variant_color", "specifications") VALUES (54, '2026-02-17T23:39:22.984673+00:00', 12, 34, '22"', 'Green', 'null-54', 'null-54', 1500, 0, 9, 5, false, NULL, 0, NULL, '{"tags":[],"color":"Yellow","last_restock":{"date":"2026-02-17T23:21:56.532Z","quantity":1},"variant_type":"","internal_notes":"","color_temperature":"Yellow"}'::jsonb) ON CONFLICT DO NOTHING;
INSERT INTO public.product_variants ("id", "created_at", "product_id", "variant_id", "variant_type", "color_temperature", "variant_sku", "variant_barcode", "selling_price", "cost_price", "stock_quantity", "min_stock_level", "is_primary", "description", "price_adjustment", "variant_color", "specifications") VALUES (53, '2026-02-17T23:39:03.677297+00:00', 12, 33, '20"', 'Green', 'null-53', 'null-53', 1500, 0, 4, 5, false, NULL, 0, 'Green', '{"tags":[],"color":"Green","last_restock":{"date":"2026-02-17T23:21:56.532Z","quantity":1},"variant_type":"","internal_notes":"","color_temperature":"Green"}'::jsonb) ON CONFLICT DO NOTHING;
INSERT INTO public.product_variants ("id", "created_at", "product_id", "variant_id", "variant_type", "color_temperature", "variant_sku", "variant_barcode", "selling_price", "cost_price", "stock_quantity", "min_stock_level", "is_primary", "description", "price_adjustment", "variant_color", "specifications") VALUES (81, '2026-02-25T06:30:11.557862+00:00', 23, 54, '5x139.7', 'Bronze', 'null-81', NULL, 30000, 0, 5, 5, false, NULL, 0, '16x6', '{"tags":[],"color":"16x6","internal_notes":"","color_temperature":"Bronze","spec_1772000809098":"-5"}'::jsonb) ON CONFLICT DO NOTHING;
INSERT INTO public.product_variants ("id", "created_at", "product_id", "variant_id", "variant_type", "color_temperature", "variant_sku", "variant_barcode", "selling_price", "cost_price", "stock_quantity", "min_stock_level", "is_primary", "description", "price_adjustment", "variant_color", "specifications") VALUES (82, '2026-02-25T06:36:53.767118+00:00', 24, 53, '6x139.7', 'Pressed Graphite', NULL, NULL, 42500, 0, 4, 4, false, '', 0, '17x8.5', '{"color":"17x8.5","internal_notes":"","color_temperature":"Pressed Graphite","spec_1772000809098":"-10"}'::jsonb) ON CONFLICT DO NOTHING;
INSERT INTO public.product_variants ("id", "created_at", "product_id", "variant_id", "variant_type", "color_temperature", "variant_sku", "variant_barcode", "selling_price", "cost_price", "stock_quantity", "min_stock_level", "is_primary", "description", "price_adjustment", "variant_color", "specifications") VALUES (84, '2026-02-25T06:39:20.7352+00:00', 26, 53, '6x139.7', 'Gunmetal', NULL, NULL, 50000, 0, 4, 4, false, '', 0, '18x9 ', '{"color":"18x9 ","internal_notes":"","color_temperature":"Gunmetal","spec_1772000809098":"0"}'::jsonb) ON CONFLICT DO NOTHING;
INSERT INTO public.product_variants ("id", "created_at", "product_id", "variant_id", "variant_type", "color_temperature", "variant_sku", "variant_barcode", "selling_price", "cost_price", "stock_quantity", "min_stock_level", "is_primary", "description", "price_adjustment", "variant_color", "specifications") VALUES (85, '2026-02-25T06:43:16.501988+00:00', 27, 53, '6x139.7', 'Bronze', NULL, NULL, 23750, 0, 4, 4, false, '', 0, '17x8', '{"color":"17x8","internal_notes":"","color_temperature":"Bronze","spec_1772000809098":"0"}'::jsonb) ON CONFLICT DO NOTHING;
INSERT INTO public.product_variants ("id", "created_at", "product_id", "variant_id", "variant_type", "color_temperature", "variant_sku", "variant_barcode", "selling_price", "cost_price", "stock_quantity", "min_stock_level", "is_primary", "description", "price_adjustment", "variant_color", "specifications") VALUES (86, '2026-02-25T06:46:32.351616+00:00', 28, 53, '6x139.7', 'Gunblack', NULL, NULL, 15000, 0, 4, 4, false, '', 0, '20x9.5', '{"color":"20x9.5","internal_notes":"1 on Display","color_temperature":"Gunblack","spec_1772000809098":"12"}'::jsonb) ON CONFLICT DO NOTHING;
INSERT INTO public.product_variants ("id", "created_at", "product_id", "variant_id", "variant_type", "color_temperature", "variant_sku", "variant_barcode", "selling_price", "cost_price", "stock_quantity", "min_stock_level", "is_primary", "description", "price_adjustment", "variant_color", "specifications") VALUES (90, '2026-02-25T06:58:51.051115+00:00', 31, 53, '6x139.7', 'Bronze', NULL, NULL, 11000, 0, 4, 4, false, '', 0, '17x9.5', '{"color":"17x9.5","internal_notes":"2 on Display, 1 with JK","color_temperature":"Bronze","spec_1772000809098":"-18"}'::jsonb) ON CONFLICT DO NOTHING;
INSERT INTO public.product_variants ("id", "created_at", "product_id", "variant_id", "variant_type", "color_temperature", "variant_sku", "variant_barcode", "selling_price", "cost_price", "stock_quantity", "min_stock_level", "is_primary", "description", "price_adjustment", "variant_color", "specifications") VALUES (91, '2026-02-25T07:08:33.159337+00:00', 32, 53, '6x139.7', 'Gloss White', NULL, NULL, 15000, 0, 4, 4, false, '', 0, '17x8.5', '{"color":"17x8.5","internal_notes":"","color_temperature":"Gloss White","spec_1772000809098":"-10"}'::jsonb) ON CONFLICT DO NOTHING;
INSERT INTO public.product_variants ("id", "created_at", "product_id", "variant_id", "variant_type", "color_temperature", "variant_sku", "variant_barcode", "selling_price", "cost_price", "stock_quantity", "min_stock_level", "is_primary", "description", "price_adjustment", "variant_color", "specifications") VALUES (92, '2026-02-25T07:08:33.159337+00:00', 32, 53, '6x139.7', 'Silver w/machined', NULL, NULL, 15000, 0, 4, 4, false, '', 0, '17x8.5', '{"color":"17x8.5","internal_notes":"","color_temperature":"Silver w/machined","spec_1772000809098":"-10"}'::jsonb) ON CONFLICT DO NOTHING;
INSERT INTO public.product_variants ("id", "created_at", "product_id", "variant_id", "variant_type", "color_temperature", "variant_sku", "variant_barcode", "selling_price", "cost_price", "stock_quantity", "min_stock_level", "is_primary", "description", "price_adjustment", "variant_color", "specifications") VALUES (93, '2026-02-25T07:11:14.968697+00:00', 33, 51, '6x114.3', 'Gloss Silver', NULL, NULL, 15000, 0, 4, 4, false, '', 0, '17x9', '{"color":"17x9","internal_notes":"","color_temperature":"Gloss Silver","spec_1772000809098":"12"}'::jsonb) ON CONFLICT DO NOTHING;
INSERT INTO public.product_variants ("id", "created_at", "product_id", "variant_id", "variant_type", "color_temperature", "variant_sku", "variant_barcode", "selling_price", "cost_price", "stock_quantity", "min_stock_level", "is_primary", "description", "price_adjustment", "variant_color", "specifications") VALUES (94, '2026-02-25T07:13:32.106905+00:00', 34, 53, '6x139.7', 'Matte Black', 'null-94', NULL, 15000, 15000, 4, 4, false, NULL, 0, '17x8', '{"tags":[],"color":"17x8","internal_notes":"","color_temperature":"Matte Black","spec_1772000809098":"20"}'::jsonb) ON CONFLICT DO NOTHING;
INSERT INTO public.product_variants ("id", "created_at", "product_id", "variant_id", "variant_type", "color_temperature", "variant_sku", "variant_barcode", "selling_price", "cost_price", "stock_quantity", "min_stock_level", "is_primary", "description", "price_adjustment", "variant_color", "specifications") VALUES (95, '2026-02-25T07:25:49.73047+00:00', 35, 53, '6x139.7', 'Hyper Silver', NULL, NULL, 15000, 0, 4, 4, false, '', 0, '17x8.5', '{"color":"17x8.5","internal_notes":"","color_temperature":"Hyper Silver","spec_1772000809098":"20"}'::jsonb) ON CONFLICT DO NOTHING;
INSERT INTO public.product_variants ("id", "created_at", "product_id", "variant_id", "variant_type", "color_temperature", "variant_sku", "variant_barcode", "selling_price", "cost_price", "stock_quantity", "min_stock_level", "is_primary", "description", "price_adjustment", "variant_color", "specifications") VALUES (96, '2026-02-25T07:28:14.475147+00:00', 36, 53, '6x139.7', 'Matte Black', NULL, NULL, 15000, 0, 4, 4, false, '', 0, '17x8.5', '{"color":"17x8.5","internal_notes":"","color_temperature":"Matte Black","spec_1772000809098":"20"}'::jsonb) ON CONFLICT DO NOTHING;
INSERT INTO public.product_variants ("id", "created_at", "product_id", "variant_id", "variant_type", "color_temperature", "variant_sku", "variant_barcode", "selling_price", "cost_price", "stock_quantity", "min_stock_level", "is_primary", "description", "price_adjustment", "variant_color", "specifications") VALUES (97, '2026-02-25T07:30:06.016543+00:00', 37, 53, '6x139.7', 'Bronze', NULL, NULL, 13750, 0, 4, 4, false, '', 0, '17x9', '{"color":"17x9","internal_notes":"","color_temperature":"Bronze","spec_1772000809098":"1"}'::jsonb) ON CONFLICT DO NOTHING;
INSERT INTO public.product_variants ("id", "created_at", "product_id", "variant_id", "variant_type", "color_temperature", "variant_sku", "variant_barcode", "selling_price", "cost_price", "stock_quantity", "min_stock_level", "is_primary", "description", "price_adjustment", "variant_color", "specifications") VALUES (98, '2026-02-25T07:31:47.088042+00:00', 38, 51, '6x114.3', 'Gunmetal Grey', NULL, NULL, 15000, 0, 4, 4, false, '', 0, '20x9.5', '{"color":"20x9.5","internal_notes":"From Warwin","color_temperature":"Gunmetal Grey","spec_1772000809098":"1"}'::jsonb) ON CONFLICT DO NOTHING;
INSERT INTO public.product_variants ("id", "created_at", "product_id", "variant_id", "variant_type", "color_temperature", "variant_sku", "variant_barcode", "selling_price", "cost_price", "stock_quantity", "min_stock_level", "is_primary", "description", "price_adjustment", "variant_color", "specifications") VALUES (99, '2026-02-25T07:34:53.870718+00:00', 39, 53, '6x139.7', 'Blackout', NULL, NULL, 17500, 0, 4, 4, false, '', 0, '18x9', '{"color":"18x9","internal_notes":"","color_temperature":"Blackout","spec_1772000809098":"20"}'::jsonb) ON CONFLICT DO NOTHING;
INSERT INTO public.product_variants ("id", "created_at", "product_id", "variant_id", "variant_type", "color_temperature", "variant_sku", "variant_barcode", "selling_price", "cost_price", "stock_quantity", "min_stock_level", "is_primary", "description", "price_adjustment", "variant_color", "specifications") VALUES (100, '2026-02-25T07:39:26.331067+00:00', 40, 53, '6x139.7', 'Titanium Matte', NULL, NULL, 15000, 0, 4, 4, false, '', 0, '17x8.5', '{"color":"17x8.5","internal_notes":"1 with JK","color_temperature":"Titanium Matte","spec_1772000809098":"0"}'::jsonb) ON CONFLICT DO NOTHING;
INSERT INTO public.product_variants ("id", "created_at", "product_id", "variant_id", "variant_type", "color_temperature", "variant_sku", "variant_barcode", "selling_price", "cost_price", "stock_quantity", "min_stock_level", "is_primary", "description", "price_adjustment", "variant_color", "specifications") VALUES (101, '2026-02-25T07:41:27.437237+00:00', 41, 51, '6x114.3', 'Gunmetal Grey', NULL, NULL, 20000, 0, 4, 4, false, '', 0, '20x9', '{"color":"20x9","internal_notes":"1 on Display","color_temperature":"Gunmetal Grey","spec_1772000809098":"18"}'::jsonb) ON CONFLICT DO NOTHING;
INSERT INTO public.product_variants ("id", "created_at", "product_id", "variant_id", "variant_type", "color_temperature", "variant_sku", "variant_barcode", "selling_price", "cost_price", "stock_quantity", "min_stock_level", "is_primary", "description", "price_adjustment", "variant_color", "specifications") VALUES (102, '2026-02-25T07:43:30.126288+00:00', 42, 51, '6x114.3', 'Gloss Black Milled', NULL, NULL, 20000, 0, 4, 4, false, '', 0, '20x9', '{"color":"20x9","internal_notes":"1 on Display, 1 with JK","color_temperature":"Gloss Black Milled","spec_1772000809098":"30"}'::jsonb) ON CONFLICT DO NOTHING;
INSERT INTO public.product_variants ("id", "created_at", "product_id", "variant_id", "variant_type", "color_temperature", "variant_sku", "variant_barcode", "selling_price", "cost_price", "stock_quantity", "min_stock_level", "is_primary", "description", "price_adjustment", "variant_color", "specifications") VALUES (103, '2026-02-25T07:45:44.188559+00:00', 43, 53, '6x139.7', 'Gloss Titanium', NULL, NULL, 17500, 0, 4, 4, false, '', 0, '17x8.5', '{"color":"17x8.5","internal_notes":"","color_temperature":"Gloss Titanium","spec_1772000809098":"0"}'::jsonb) ON CONFLICT DO NOTHING;
INSERT INTO public.product_variants ("id", "created_at", "product_id", "variant_id", "variant_type", "color_temperature", "variant_sku", "variant_barcode", "selling_price", "cost_price", "stock_quantity", "min_stock_level", "is_primary", "description", "price_adjustment", "variant_color", "specifications") VALUES (104, '2026-02-25T09:25:09.407703+00:00', 46, 53, '6x139.7', 'BZ4 (Gloss Dark Bronze)', NULL, NULL, 20625, 0, 4, 4, false, '', 0, '17x8.5', '{"color":"17x8.5","internal_notes":"","color_temperature":"BZ4 (Gloss Dark Bronze)","spec_1772000809098":"-10"}'::jsonb) ON CONFLICT DO NOTHING;
INSERT INTO public.product_variants ("id", "created_at", "product_id", "variant_id", "variant_type", "color_temperature", "variant_sku", "variant_barcode", "selling_price", "cost_price", "stock_quantity", "min_stock_level", "is_primary", "description", "price_adjustment", "variant_color", "specifications") VALUES (56, '2026-02-17T23:40:35.69054+00:00', 12, 39, '10"', 'Yellow', 'null-56', 'null-56', 1000, 0, 5, 5, false, NULL, 0, NULL, '{"tags":[],"color":"Green","last_restock":{"date":"2026-02-17T23:21:56.532Z","quantity":1},"variant_type":"","internal_notes":"","color_temperature":"Green"}'::jsonb) ON CONFLICT DO NOTHING;
INSERT INTO public.product_variants ("id", "created_at", "product_id", "variant_id", "variant_type", "color_temperature", "variant_sku", "variant_barcode", "selling_price", "cost_price", "stock_quantity", "min_stock_level", "is_primary", "description", "price_adjustment", "variant_color", "specifications") VALUES (105, '2026-02-25T09:51:45.91821+00:00', 47, 53, '6x139.7', 'Matte Dark Bronze', NULL, NULL, 20625, 0, 4, 4, false, '', 0, '17x8.5', '{"color":"17x8.5","internal_notes":"","color_temperature":"Matte Dark Bronze","spec_1772000809098":"-10"}'::jsonb) ON CONFLICT DO NOTHING;
INSERT INTO public.product_variants ("id", "created_at", "product_id", "variant_id", "variant_type", "color_temperature", "variant_sku", "variant_barcode", "selling_price", "cost_price", "stock_quantity", "min_stock_level", "is_primary", "description", "price_adjustment", "variant_color", "specifications") VALUES (106, '2026-02-25T09:54:43.252356+00:00', 48, 53, '6x139.7', 'Matte Black', NULL, NULL, 10500, 0, 4, 4, false, '', 0, '16x8', '{"color":"16x8","internal_notes":"","color_temperature":"Matte Black","spec_1772000809098":"-20"}'::jsonb) ON CONFLICT DO NOTHING;
INSERT INTO public.product_variants ("id", "created_at", "product_id", "variant_id", "variant_type", "color_temperature", "variant_sku", "variant_barcode", "selling_price", "cost_price", "stock_quantity", "min_stock_level", "is_primary", "description", "price_adjustment", "variant_color", "specifications") VALUES (107, '2026-02-25T09:56:53.807016+00:00', 48, 53, '6x139.7', 'Matte Gunmetal', NULL, NULL, 10500, 0, 4, 4, false, NULL, 0, '16x8', '{"color":"16x8","internal_notes":null,"color_temperature":"Matte Gunmetal","spec_1772000809098":"-20"}'::jsonb) ON CONFLICT DO NOTHING;
INSERT INTO public.product_variants ("id", "created_at", "product_id", "variant_id", "variant_type", "color_temperature", "variant_sku", "variant_barcode", "selling_price", "cost_price", "stock_quantity", "min_stock_level", "is_primary", "description", "price_adjustment", "variant_color", "specifications") VALUES (108, '2026-02-26T01:35:01.734945+00:00', 49, 53, '6x139.7', 'Black w/ Silver Ring', NULL, NULL, 7125, 0, 5, 4, false, '', 0, '16x10', '{"color":"16x10","internal_notes":"","color_temperature":"Black w/ Silver Ring","spec_1772000809098":"-44"}'::jsonb) ON CONFLICT DO NOTHING;
INSERT INTO public.product_variants ("id", "created_at", "product_id", "variant_id", "variant_type", "color_temperature", "variant_sku", "variant_barcode", "selling_price", "cost_price", "stock_quantity", "min_stock_level", "is_primary", "description", "price_adjustment", "variant_color", "specifications") VALUES (109, '2026-02-26T01:38:41.381616+00:00', 50, 53, '6x139.7', 'Matte Black', NULL, NULL, 21250, 0, 4, 4, false, '', 0, '17x8.5', '{"color":"17x8.5","internal_notes":"set of 4","color_temperature":"Matte Black","spec_1772000809098":"0"}'::jsonb) ON CONFLICT DO NOTHING;
INSERT INTO public.product_variants ("id", "created_at", "product_id", "variant_id", "variant_type", "color_temperature", "variant_sku", "variant_barcode", "selling_price", "cost_price", "stock_quantity", "min_stock_level", "is_primary", "description", "price_adjustment", "variant_color", "specifications") VALUES (110, '2026-02-26T01:38:41.381616+00:00', 50, 55, '5x127', 'Matte Black', NULL, NULL, 21250, 0, 4, 4, false, '', 0, '17x8.5', '{"color":"17x8.5","internal_notes":"Jeep PCD","color_temperature":"Matte Black","spec_1772000809098":"0"}'::jsonb) ON CONFLICT DO NOTHING;
INSERT INTO public.product_variants ("id", "created_at", "product_id", "variant_id", "variant_type", "color_temperature", "variant_sku", "variant_barcode", "selling_price", "cost_price", "stock_quantity", "min_stock_level", "is_primary", "description", "price_adjustment", "variant_color", "specifications") VALUES (111, '2026-02-26T01:41:37.852015+00:00', 51, 53, '6x139.7', 'Gloss Titanium', NULL, NULL, 21250, 0, 4, 4, false, '', 0, '17x8.5', '{"color":"17x8.5","internal_notes":"with Toyota","color_temperature":"Gloss Titanium","spec_1772000809098":"0"}'::jsonb) ON CONFLICT DO NOTHING;
INSERT INTO public.product_variants ("id", "created_at", "product_id", "variant_id", "variant_type", "color_temperature", "variant_sku", "variant_barcode", "selling_price", "cost_price", "stock_quantity", "min_stock_level", "is_primary", "description", "price_adjustment", "variant_color", "specifications") VALUES (113, '2026-02-26T01:44:43.463629+00:00', 52, 53, '6x139.7', 'Matte Black', NULL, NULL, 21250, 0, 8, 4, false, '', 0, '17x8.5', '{"color":"17x8.5","internal_notes":"set of 4","color_temperature":"Matte Black","spec_1772000809098":"0"}'::jsonb) ON CONFLICT DO NOTHING;
INSERT INTO public.product_variants ("id", "created_at", "product_id", "variant_id", "variant_type", "color_temperature", "variant_sku", "variant_barcode", "selling_price", "cost_price", "stock_quantity", "min_stock_level", "is_primary", "description", "price_adjustment", "variant_color", "specifications") VALUES (114, '2026-02-26T01:44:43.463629+00:00', 52, 53, '6x139.7', 'Matte Titanium', NULL, NULL, 21250, 0, 4, 4, false, '', 0, '17x8.5', '{"color":"17x8.5","internal_notes":"set of 4","color_temperature":"Matte Titanium","spec_1772000809098":"0"}'::jsonb) ON CONFLICT DO NOTHING;
INSERT INTO public.product_variants ("id", "created_at", "product_id", "variant_id", "variant_type", "color_temperature", "variant_sku", "variant_barcode", "selling_price", "cost_price", "stock_quantity", "min_stock_level", "is_primary", "description", "price_adjustment", "variant_color", "specifications") VALUES (115, '2026-02-26T01:47:39.068712+00:00', 53, 53, '6x139.7', 'Matte Bronze', NULL, NULL, 21250, 0, 4, 4, false, '', 0, '17x8.5', '{"color":"17x8.5","internal_notes":"set of 4","color_temperature":"Matte Bronze","spec_1772000809098":"0"}'::jsonb) ON CONFLICT DO NOTHING;
INSERT INTO public.product_variants ("id", "created_at", "product_id", "variant_id", "variant_type", "color_temperature", "variant_sku", "variant_barcode", "selling_price", "cost_price", "stock_quantity", "min_stock_level", "is_primary", "description", "price_adjustment", "variant_color", "specifications") VALUES (116, '2026-02-26T01:47:39.068712+00:00', 53, 53, '6x139.7', 'Matte Black', NULL, NULL, 21250, 0, 4, 4, false, '', 0, '17x8.5', '{"color":"17x8.5","internal_notes":"set of 4","color_temperature":"Matte Black","spec_1772000809098":"0"}'::jsonb) ON CONFLICT DO NOTHING;
INSERT INTO public.product_variants ("id", "created_at", "product_id", "variant_id", "variant_type", "color_temperature", "variant_sku", "variant_barcode", "selling_price", "cost_price", "stock_quantity", "min_stock_level", "is_primary", "description", "price_adjustment", "variant_color", "specifications") VALUES (117, '2026-02-26T01:49:33.128622+00:00', 54, 53, '6x139.7', 'Gloss Titanium', NULL, NULL, 17500, 0, 4, 4, false, '', 0, '17x8.5', '{"color":"17x8.5","internal_notes":"set of 4","color_temperature":"Gloss Titanium","spec_1772000809098":"0"}'::jsonb) ON CONFLICT DO NOTHING;
INSERT INTO public.product_variants ("id", "created_at", "product_id", "variant_id", "variant_type", "color_temperature", "variant_sku", "variant_barcode", "selling_price", "cost_price", "stock_quantity", "min_stock_level", "is_primary", "description", "price_adjustment", "variant_color", "specifications") VALUES (118, '2026-02-26T01:52:06.64326+00:00', 55, 53, '6x139.7', 'Gloss Black', NULL, NULL, 18000, 0, 4, 4, false, '', 0, '17x8.5', '{"color":"17x8.5","internal_notes":"set of 4","color_temperature":"Gloss Black","spec_1772000809098":"0"}'::jsonb) ON CONFLICT DO NOTHING;
INSERT INTO public.product_variants ("id", "created_at", "product_id", "variant_id", "variant_type", "color_temperature", "variant_sku", "variant_barcode", "selling_price", "cost_price", "stock_quantity", "min_stock_level", "is_primary", "description", "price_adjustment", "variant_color", "specifications") VALUES (119, '2026-02-26T01:54:55.213921+00:00', 56, 53, '6x139.7', 'Satin Black', NULL, NULL, 15000, 0, 4, 4, false, '', 0, '17x8.5', '{"color":"17x8.5","internal_notes":"set of 4","color_temperature":"Satin Black","spec_1772000809098":"-10"}'::jsonb) ON CONFLICT DO NOTHING;
INSERT INTO public.product_variants ("id", "created_at", "product_id", "variant_id", "variant_type", "color_temperature", "variant_sku", "variant_barcode", "selling_price", "cost_price", "stock_quantity", "min_stock_level", "is_primary", "description", "price_adjustment", "variant_color", "specifications") VALUES (120, '2026-02-26T01:57:42.210303+00:00', 57, 53, '6x139.7', 'Machined w/ Satin Black lip', NULL, NULL, 15000, 0, 4, 4, false, '', 0, '17x9', '{"color":"17x9","internal_notes":"set of 4","color_temperature":"Machined w/ Satin Black lip","spec_1772000809098":"0"}'::jsonb) ON CONFLICT DO NOTHING;
INSERT INTO public.product_variants ("id", "created_at", "product_id", "variant_id", "variant_type", "color_temperature", "variant_sku", "variant_barcode", "selling_price", "cost_price", "stock_quantity", "min_stock_level", "is_primary", "description", "price_adjustment", "variant_color", "specifications") VALUES (121, '2026-02-26T01:59:36.070613+00:00', 58, 51, '6x114.3', 'Satin Black', NULL, NULL, 15000, 0, 4, 4, false, '', 0, '17x8.5', '{"color":"17x8.5","internal_notes":"set of 4","color_temperature":"Satin Black","spec_1772000809098":"18"}'::jsonb) ON CONFLICT DO NOTHING;
INSERT INTO public.product_variants ("id", "created_at", "product_id", "variant_id", "variant_type", "color_temperature", "variant_sku", "variant_barcode", "selling_price", "cost_price", "stock_quantity", "min_stock_level", "is_primary", "description", "price_adjustment", "variant_color", "specifications") VALUES (123, '2026-02-26T02:03:49.113158+00:00', 59, 51, '6x114.3', 'Matte Anthracite', NULL, NULL, 21000, 0, 4, 4, false, '', 0, '17x8', '{"color":"17x8","internal_notes":"set of 4","color_temperature":"Matte Anthracite","spec_1772000809098":"30"}'::jsonb) ON CONFLICT DO NOTHING;
INSERT INTO public.product_variants ("id", "created_at", "product_id", "variant_id", "variant_type", "color_temperature", "variant_sku", "variant_barcode", "selling_price", "cost_price", "stock_quantity", "min_stock_level", "is_primary", "description", "price_adjustment", "variant_color", "specifications") VALUES (124, '2026-02-26T02:18:00.364099+00:00', 60, 53, '6x139.7', 'Black', NULL, NULL, 6000, 0, 4, 4, false, '', 0, '15x8', '{"color":"15x8","internal_notes":"Trak 2/Black","color_temperature":"Black","spec_1772000809098":"-22"}'::jsonb) ON CONFLICT DO NOTHING;
INSERT INTO public.product_variants ("id", "created_at", "product_id", "variant_id", "variant_type", "color_temperature", "variant_sku", "variant_barcode", "selling_price", "cost_price", "stock_quantity", "min_stock_level", "is_primary", "description", "price_adjustment", "variant_color", "specifications") VALUES (125, '2026-02-26T02:19:55.947642+00:00', 61, 54, '5x139.7', 'Black/White', NULL, NULL, 6500, 0, 4, 4, false, '', 0, '16x6', '{"color":"16x6","internal_notes":"Bearcat/Black","color_temperature":"Black/White","spec_1772000809098":"0"}'::jsonb) ON CONFLICT DO NOTHING;
INSERT INTO public.product_variants ("id", "created_at", "product_id", "variant_id", "variant_type", "color_temperature", "variant_sku", "variant_barcode", "selling_price", "cost_price", "stock_quantity", "min_stock_level", "is_primary", "description", "price_adjustment", "variant_color", "specifications") VALUES (126, '2026-02-26T02:21:33.693615+00:00', 60, 53, '6x139.7', 'Black/White', NULL, NULL, 6500, 0, 4, 4, false, NULL, 0, '16x8', '{"color":"16x8","internal_notes":"Trak 2/Black","color_temperature":"Black/White","spec_1772000809098":"0"}'::jsonb) ON CONFLICT DO NOTHING;
INSERT INTO public.product_variants ("id", "created_at", "product_id", "variant_id", "variant_type", "color_temperature", "variant_sku", "variant_barcode", "selling_price", "cost_price", "stock_quantity", "min_stock_level", "is_primary", "description", "price_adjustment", "variant_color", "specifications") VALUES (127, '2026-02-26T02:25:40.827416+00:00', 62, 53, '6x139.7', 'Matte Black+ Black Bolts', NULL, NULL, 12500, 0, 4, 4, false, '', 0, '17x9', '{"color":"17x9","internal_notes":"","color_temperature":"Matte Black+ Black Bolts","spec_1772000809098":"12"}'::jsonb) ON CONFLICT DO NOTHING;
INSERT INTO public.product_variants ("id", "created_at", "product_id", "variant_id", "variant_type", "color_temperature", "variant_sku", "variant_barcode", "selling_price", "cost_price", "stock_quantity", "min_stock_level", "is_primary", "description", "price_adjustment", "variant_color", "specifications") VALUES (128, '2026-02-26T02:28:38.019524+00:00', 63, 53, '6x139.7', 'Matte Black,  milled rivet flange-silver bolt', NULL, NULL, 13750, 0, 4, 4, false, '', 0, '18x9', '{"color":"18x9","internal_notes":"","color_temperature":"Matte Black,  milled rivet flange-silver bolt","spec_1772000809098":"12"}'::jsonb) ON CONFLICT DO NOTHING;
INSERT INTO public.product_variants ("id", "created_at", "product_id", "variant_id", "variant_type", "color_temperature", "variant_sku", "variant_barcode", "selling_price", "cost_price", "stock_quantity", "min_stock_level", "is_primary", "description", "price_adjustment", "variant_color", "specifications") VALUES (122, '2026-02-26T02:03:49.113158+00:00', 59, 56, '5x139', 'Anthracite', NULL, NULL, 18000, 0, 5, 5, false, NULL, 0, '15x7', '{"tags":[],"color":"15x7","internal_notes":"set of 5","color_temperature":"Anthracite","spec_1772000809098":"0"}'::jsonb) ON CONFLICT DO NOTHING;
INSERT INTO public.product_variants ("id", "created_at", "product_id", "variant_id", "variant_type", "color_temperature", "variant_sku", "variant_barcode", "selling_price", "cost_price", "stock_quantity", "min_stock_level", "is_primary", "description", "price_adjustment", "variant_color", "specifications") VALUES (129, '2026-02-26T02:33:59.741332+00:00', 64, 53, '6x139.7', 'Matte Black+ Black Bolts', NULL, NULL, 12500, 0, 4, 4, false, '', 0, '17x9', '{"color":"17x9","internal_notes":"","color_temperature":"Matte Black+ Black Bolts","spec_1772000809098":"25"}'::jsonb) ON CONFLICT DO NOTHING;
INSERT INTO public.product_variants ("id", "created_at", "product_id", "variant_id", "variant_type", "color_temperature", "variant_sku", "variant_barcode", "selling_price", "cost_price", "stock_quantity", "min_stock_level", "is_primary", "description", "price_adjustment", "variant_color", "specifications") VALUES (130, '2026-02-26T02:39:37.696527+00:00', 65, 53, '6x139.7', 'Silver Full Machined, Silver Cap', NULL, NULL, 12500, 0, 4, 1, false, '', 0, '17x9', '{"color":"17x9","internal_notes":"","color_temperature":"Silver Full Machined, Silver Cap","spec_1772000809098":"12"}'::jsonb) ON CONFLICT DO NOTHING;
INSERT INTO public.product_variants ("id", "created_at", "product_id", "variant_id", "variant_type", "color_temperature", "variant_sku", "variant_barcode", "selling_price", "cost_price", "stock_quantity", "min_stock_level", "is_primary", "description", "price_adjustment", "variant_color", "specifications") VALUES (131, '2026-02-26T02:42:07.603916+00:00', 66, 57, '6x139', 'Black', NULL, NULL, 18000, 0, 4, 4, false, '', 0, '17x9', '{"color":"17x9","internal_notes":"","color_temperature":"Black","spec_1772000809098":"20"}'::jsonb) ON CONFLICT DO NOTHING;
INSERT INTO public.product_variants ("id", "created_at", "product_id", "variant_id", "variant_type", "color_temperature", "variant_sku", "variant_barcode", "selling_price", "cost_price", "stock_quantity", "min_stock_level", "is_primary", "description", "price_adjustment", "variant_color", "specifications") VALUES (132, '2026-02-26T02:44:11.577001+00:00', 66, 57, '6x139', 'Bronze', NULL, NULL, 20250, 0, 4, 4, false, NULL, 0, '18x9', '{"color":"18x9","internal_notes":null,"color_temperature":"Bronze","spec_1772000809098":"20"}'::jsonb) ON CONFLICT DO NOTHING;
INSERT INTO public.product_variants ("id", "created_at", "product_id", "variant_id", "variant_type", "color_temperature", "variant_sku", "variant_barcode", "selling_price", "cost_price", "stock_quantity", "min_stock_level", "is_primary", "description", "price_adjustment", "variant_color", "specifications") VALUES (138, '2026-02-26T02:50:37.691894+00:00', 67, 57, '6x139', 'Inner Black/Outer Black', NULL, NULL, 20000, 0, 4, 4, false, '', 0, '18x9', '{"color":"18x9","internal_notes":"","color_temperature":"Inner Black/Outer Black","spec_1772000809098":"0"}'::jsonb) ON CONFLICT DO NOTHING;
INSERT INTO public.product_variants ("id", "created_at", "product_id", "variant_id", "variant_type", "color_temperature", "variant_sku", "variant_barcode", "selling_price", "cost_price", "stock_quantity", "min_stock_level", "is_primary", "description", "price_adjustment", "variant_color", "specifications") VALUES (139, '2026-02-26T02:53:06.219066+00:00', 68, 54, '5x139.7', 'White', NULL, NULL, 22000, 0, 4, 4, false, '', 0, '16x6', '{"color":"16x6","internal_notes":"","color_temperature":"White","spec_1772000809098":"-5"}'::jsonb) ON CONFLICT DO NOTHING;
INSERT INTO public.product_variants ("id", "created_at", "product_id", "variant_id", "variant_type", "color_temperature", "variant_sku", "variant_barcode", "selling_price", "cost_price", "stock_quantity", "min_stock_level", "is_primary", "description", "price_adjustment", "variant_color", "specifications") VALUES (141, '2026-02-26T06:19:52.879725+00:00', 7, 18, 'H11', 'All Weather', NULL, NULL, 6000, 0, 6, 5, false, NULL, 0, NULL, '{"color":null,"internal_notes":null,"color_temperature":"All Weather"}'::jsonb) ON CONFLICT DO NOTHING;
INSERT INTO public.product_variants ("id", "created_at", "product_id", "variant_id", "variant_type", "color_temperature", "variant_sku", "variant_barcode", "selling_price", "cost_price", "stock_quantity", "min_stock_level", "is_primary", "description", "price_adjustment", "variant_color", "specifications") VALUES (142, '2026-02-26T06:21:24.068681+00:00', 7, 22, '9005 (HB3)', '6000', NULL, NULL, 6000, 0, 3, 5, false, NULL, 0, NULL, '{"color":null,"internal_notes":null,"color_temperature":"6000"}'::jsonb) ON CONFLICT DO NOTHING;
INSERT INTO public.product_variants ("id", "created_at", "product_id", "variant_id", "variant_type", "color_temperature", "variant_sku", "variant_barcode", "selling_price", "cost_price", "stock_quantity", "min_stock_level", "is_primary", "description", "price_adjustment", "variant_color", "specifications") VALUES (143, '2026-02-26T06:25:36.97464+00:00', 7, 18, 'H11', '6000', NULL, NULL, 6000, 0, 3, 5, false, NULL, 0, NULL, '{"color":null,"internal_notes":null,"color_temperature":"6000"}'::jsonb) ON CONFLICT DO NOTHING;
INSERT INTO public.product_variants ("id", "created_at", "product_id", "variant_id", "variant_type", "color_temperature", "variant_sku", "variant_barcode", "selling_price", "cost_price", "stock_quantity", "min_stock_level", "is_primary", "description", "price_adjustment", "variant_color", "specifications") VALUES (140, '2026-02-26T06:18:57.745488+00:00', 7, 59, 'H4', 'All Weather', NULL, NULL, 6000, 0, 14, 5, false, NULL, 0, NULL, '{"tags":[],"color":null,"socket":null,"last_restock":{"date":"2026-02-17T04:04:09.409Z","quantity":1},"internal_notes":"","color_temperature":"All Weather"}'::jsonb) ON CONFLICT DO NOTHING;
INSERT INTO public.product_variants ("id", "created_at", "product_id", "variant_id", "variant_type", "color_temperature", "variant_sku", "variant_barcode", "selling_price", "cost_price", "stock_quantity", "min_stock_level", "is_primary", "description", "price_adjustment", "variant_color", "specifications") VALUES (145, '2026-02-26T06:36:37.93746+00:00', 48, 54, '5x139.7', 'Gunmetal Machined(PressG)', NULL, NULL, 10750, 0, 4, 4, false, NULL, 0, '16x7', '{"tags":[],"color":"16x7","socket":null,"last_restock":{"date":"2026-02-17T23:21:56.532Z","quantity":1},"internal_notes":"set of 4","color_temperature":"Gunmetal Machined(PressG)","spec_1772000809098":"0"}'::jsonb) ON CONFLICT DO NOTHING;
INSERT INTO public.product_variants ("id", "created_at", "product_id", "variant_id", "variant_type", "color_temperature", "variant_sku", "variant_barcode", "selling_price", "cost_price", "stock_quantity", "min_stock_level", "is_primary", "description", "price_adjustment", "variant_color", "specifications") VALUES (146, '2026-02-26T06:39:14.14488+00:00', 70, 54, '5x139.7', 'Matte Black', NULL, NULL, 9750, 0, 4, 4, false, NULL, 0, '15x7', '{"tags":[],"color":"15x7","internal_notes":"set of 4","color_temperature":"Matte Black","spec_1772000809098":"-6"}'::jsonb) ON CONFLICT DO NOTHING;
INSERT INTO public.product_variants ("id", "created_at", "product_id", "variant_id", "variant_type", "color_temperature", "variant_sku", "variant_barcode", "selling_price", "cost_price", "stock_quantity", "min_stock_level", "is_primary", "description", "price_adjustment", "variant_color", "specifications") VALUES (144, '2026-02-26T06:32:32.59082+00:00', 69, 53, '6x139.7', 'Silver Brush', NULL, NULL, 13000, 0, 4, 4, false, NULL, 0, '17x8.5', '{"tags":[],"color":"17x8.5","internal_notes":"set of 4","color_temperature":"Silver Brush","spec_1772000809098":"-10"}'::jsonb) ON CONFLICT DO NOTHING;
INSERT INTO public.product_variants ("id", "created_at", "product_id", "variant_id", "variant_type", "color_temperature", "variant_sku", "variant_barcode", "selling_price", "cost_price", "stock_quantity", "min_stock_level", "is_primary", "description", "price_adjustment", "variant_color", "specifications") VALUES (112, '2026-02-26T01:41:37.852015+00:00', 51, 53, '6x139.7', 'Machined Clear Coat', NULL, NULL, 21250, 0, 8, 4, false, NULL, 0, '17x8.5', '{"color":"17x8.5","internal_notes":"set of 4","color_temperature":"Machined Clear Coat","spec_1772000809098":"0"}'::jsonb) ON CONFLICT DO NOTHING;

-- Table: store_settings
INSERT INTO public.store_settings ("id", "store_name", "tax_rate", "low_stock_threshold", "currency", "updated_at") VALUES (1, 'KENS GARAGE', 0, 5, 'PHP', '2026-02-16T07:18:26.348+00:00') ON CONFLICT DO NOTHING;

-- Reset Sequences
SELECT setval('public.product_categories_id_seq', COALESCE((SELECT MAX(id) + 1 FROM public.product_categories), 1), false);
SELECT setval('public.variant_categories_id_seq', COALESCE((SELECT MAX(id) + 1 FROM public.variant_categories), 1), false);
SELECT setval('public.variant_definitions_id_seq', COALESCE((SELECT MAX(id) + 1 FROM public.variant_definitions), 1), false);
SELECT setval('public.suppliers_id_seq', COALESCE((SELECT MAX(id) + 1 FROM public.suppliers), 1), false);
SELECT setval('public.products_id_seq', COALESCE((SELECT MAX(id) + 1 FROM public.products), 1), false);
SELECT setval('public.product_variants_id_seq', COALESCE((SELECT MAX(id) + 1 FROM public.product_variants), 1), false);
SELECT setval('public.store_settings_id_seq', COALESCE((SELECT MAX(id) + 1 FROM public.store_settings), 1), false);

SET session_replication_role = DEFAULT;
