/* SEED DATA FROM REMOTE */

-- Table: product_categories
INSERT INTO public.product_categories ("id", "created_at", "name", "description") VALUES (1, '2026-02-15T12:12:09.933322+00:00', 'Headlight', 'Main front lighting') ON CONFLICT DO NOTHING;
INSERT INTO public.product_categories ("id", "created_at", "name", "description") VALUES (2, '2026-02-15T12:12:09.933322+00:00', 'Fog Light', 'Auxiliary fog lights') ON CONFLICT DO NOTHING;
INSERT INTO public.product_categories ("id", "created_at", "name", "description") VALUES (3, '2026-02-15T12:12:09.933322+00:00', 'Signal Light', 'Turn signals') ON CONFLICT DO NOTHING;
INSERT INTO public.product_categories ("id", "created_at", "name", "description") VALUES (4, '2026-02-15T12:12:09.933322+00:00', 'Interior Light', 'Cabin lighting') ON CONFLICT DO NOTHING;
INSERT INTO public.product_categories ("id", "created_at", "name", "description") VALUES (5, '2026-02-15T12:12:09.933322+00:00', 'Brake Light', 'Rear brake lights') ON CONFLICT DO NOTHING;
INSERT INTO public.product_categories ("id", "created_at", "name", "description") VALUES (6, '2026-02-15T12:12:09.933322+00:00', 'Wiper', 'Windshield wipers') ON CONFLICT DO NOTHING;
INSERT INTO public.product_categories ("id", "created_at", "name", "description") VALUES (7, '2026-02-15T12:12:09.933322+00:00', 'Horn', 'Automotive horns') ON CONFLICT DO NOTHING;
INSERT INTO public.product_categories ("id", "created_at", "name", "description") VALUES (8, '2026-02-15T12:12:09.933322+00:00', 'Work Light', 'Off-road work lights') ON CONFLICT DO NOTHING;

-- Table: variant_categories
INSERT INTO public.variant_categories ("id", "created_at", "code", "description") VALUES (1, '2026-02-15T12:12:09.933322+00:00', 'H1', 'Single filament') ON CONFLICT DO NOTHING;
INSERT INTO public.variant_categories ("id", "created_at", "code", "description") VALUES (2, '2026-02-15T12:12:09.933322+00:00', 'H3', 'Fog light type') ON CONFLICT DO NOTHING;
INSERT INTO public.variant_categories ("id", "created_at", "code", "description") VALUES (3, '2026-02-15T12:12:09.933322+00:00', 'H4', 'Dual filament Hi/Lo') ON CONFLICT DO NOTHING;
INSERT INTO public.variant_categories ("id", "created_at", "code", "description") VALUES (4, '2026-02-15T12:12:09.933322+00:00', 'H7', 'Single filament') ON CONFLICT DO NOTHING;
INSERT INTO public.variant_categories ("id", "created_at", "code", "description") VALUES (5, '2026-02-15T12:12:09.933322+00:00', 'H8', 'Fog light type') ON CONFLICT DO NOTHING;
INSERT INTO public.variant_categories ("id", "created_at", "code", "description") VALUES (6, '2026-02-15T12:12:09.933322+00:00', 'H9', 'High beam type') ON CONFLICT DO NOTHING;
INSERT INTO public.variant_categories ("id", "created_at", "code", "description") VALUES (7, '2026-02-15T12:12:09.933322+00:00', 'H11', 'Single filament') ON CONFLICT DO NOTHING;
INSERT INTO public.variant_categories ("id", "created_at", "code", "description") VALUES (8, '2026-02-15T12:12:09.933322+00:00', 'H16', 'Low wattage fog') ON CONFLICT DO NOTHING;
INSERT INTO public.variant_categories ("id", "created_at", "code", "description") VALUES (9, '2026-02-15T12:12:09.933322+00:00', '9005', 'HB3 High beam') ON CONFLICT DO NOTHING;
INSERT INTO public.variant_categories ("id", "created_at", "code", "description") VALUES (10, '2026-02-15T12:12:09.933322+00:00', '9006', 'HB4 Low beam') ON CONFLICT DO NOTHING;
INSERT INTO public.variant_categories ("id", "created_at", "code", "description") VALUES (11, '2026-02-15T12:12:09.933322+00:00', '9012', 'HIR2') ON CONFLICT DO NOTHING;
INSERT INTO public.variant_categories ("id", "created_at", "code", "description") VALUES (12, '2026-02-15T12:12:09.933322+00:00', '880', 'Fog light') ON CONFLICT DO NOTHING;
INSERT INTO public.variant_categories ("id", "created_at", "code", "description") VALUES (13, '2026-02-15T12:12:09.933322+00:00', '881', 'Fog light') ON CONFLICT DO NOTHING;
INSERT INTO public.variant_categories ("id", "created_at", "code", "description") VALUES (14, '2026-02-15T12:12:09.933322+00:00', 'D1S', 'HID Xenon') ON CONFLICT DO NOTHING;
INSERT INTO public.variant_categories ("id", "created_at", "code", "description") VALUES (15, '2026-02-15T12:12:09.933322+00:00', 'D2S', 'HID Xenon') ON CONFLICT DO NOTHING;
INSERT INTO public.variant_categories ("id", "created_at", "code", "description") VALUES (16, '2026-02-15T12:12:09.933322+00:00', 'D3S', 'HID Xenon') ON CONFLICT DO NOTHING;
INSERT INTO public.variant_categories ("id", "created_at", "code", "description") VALUES (17, '2026-02-15T12:12:09.933322+00:00', 'D4S', 'HID Xenon') ON CONFLICT DO NOTHING;
INSERT INTO public.variant_categories ("id", "created_at", "code", "description") VALUES (18, '2026-02-15T12:12:09.933322+00:00', 'T10', 'W5W Wedge') ON CONFLICT DO NOTHING;
INSERT INTO public.variant_categories ("id", "created_at", "code", "description") VALUES (19, '2026-02-15T12:12:09.933322+00:00', 'T15', 'W16W Wedge') ON CONFLICT DO NOTHING;
INSERT INTO public.variant_categories ("id", "created_at", "code", "description") VALUES (20, '2026-02-15T12:12:09.933322+00:00', 'T20', '7440/7443 Wedge') ON CONFLICT DO NOTHING;
INSERT INTO public.variant_categories ("id", "created_at", "code", "description") VALUES (21, '2026-02-15T12:12:09.933322+00:00', 'T25', '3156/3157 Wedge') ON CONFLICT DO NOTHING;
INSERT INTO public.variant_categories ("id", "created_at", "code", "description") VALUES (22, '2026-02-15T12:12:09.933322+00:00', '1156', 'BA15S Bayonet') ON CONFLICT DO NOTHING;
INSERT INTO public.variant_categories ("id", "created_at", "code", "description") VALUES (23, '2026-02-15T12:12:09.933322+00:00', '1157', 'BAY15D Bayonet') ON CONFLICT DO NOTHING;
INSERT INTO public.variant_categories ("id", "created_at", "code", "description") VALUES (24, '2026-02-15T16:15:43.192829+00:00', 'H13', 'Created via App') ON CONFLICT DO NOTHING;
INSERT INTO public.variant_categories ("id", "created_at", "code", "description") VALUES (25, '2026-02-16T01:42:21.081737+00:00', '9012 (HIR2)', 'Created via App') ON CONFLICT DO NOTHING;

-- Table: variant_definitions
INSERT INTO public.variant_definitions ("id", "created_at", "base_name", "variant_name", "display_name", "compatibility_list", "description", "is_active") VALUES (1, '2026-02-15T12:12:09.933322+00:00', 'LED Headlight Kit', 'H4/H7/9005/9006', 'Universal Kit (H4/H7/9005/9006)', ARRAY['H4', 'H7', '9005', '9006'], 'Fits multiple sockets with adapters', True) ON CONFLICT DO NOTHING;
INSERT INTO public.variant_definitions ("id", "created_at", "base_name", "variant_name", "display_name", "compatibility_list", "description", "is_active") VALUES (2, '2026-02-15T12:12:09.933322+00:00', 'LED Headlight Kit', 'H4/Hb2/9003', 'Hi/Lo Beam (H4)', ARRAY['H4', 'Hb2', '9003'], 'Standard high/low beam', True) ON CONFLICT DO NOTHING;
INSERT INTO public.variant_definitions ("id", "created_at", "base_name", "variant_name", "display_name", "compatibility_list", "description", "is_active") VALUES (3, '2026-02-15T12:12:09.933322+00:00', 'LED Headlight Kit', 'H7', 'Low Beam (H7)', ARRAY['H7'], 'Standard low beam', True) ON CONFLICT DO NOTHING;
INSERT INTO public.variant_definitions ("id", "created_at", "base_name", "variant_name", "display_name", "compatibility_list", "description", "is_active") VALUES (4, '2026-02-15T12:12:09.933322+00:00', 'LED Headlight Kit', 'H11/H8/H9', 'Single Beam (H11)', ARRAY['H11', 'H8', 'H9'], 'Standard single beam', True) ON CONFLICT DO NOTHING;
INSERT INTO public.variant_definitions ("id", "created_at", "base_name", "variant_name", "display_name", "compatibility_list", "description", "is_active") VALUES (5, '2026-02-15T12:12:09.933322+00:00', 'LED Headlight Kit', '9005/HB3', 'High Beam (9005)', ARRAY['9005', 'HB3'], 'Standard high beam', True) ON CONFLICT DO NOTHING;
INSERT INTO public.variant_definitions ("id", "created_at", "base_name", "variant_name", "display_name", "compatibility_list", "description", "is_active") VALUES (6, '2026-02-15T12:12:09.933322+00:00', 'LED Headlight Kit', '9006/HB4', 'Low Beam (9006)', ARRAY['9006', 'HB4'], 'Standard low beam', True) ON CONFLICT DO NOTHING;
INSERT INTO public.variant_definitions ("id", "created_at", "base_name", "variant_name", "display_name", "compatibility_list", "description", "is_active") VALUES (7, '2026-02-15T12:12:09.933322+00:00', 'LED Headlight Kit', '9012/HIR2', 'Single Beam (9012)', ARRAY['9012', 'HIR2'], 'Accessory light', True) ON CONFLICT DO NOTHING;
INSERT INTO public.variant_definitions ("id", "created_at", "base_name", "variant_name", "display_name", "compatibility_list", "description", "is_active") VALUES (8, '2026-02-15T12:12:09.933322+00:00', 'LED Fog Light', 'H11/H8/H16', 'Fog Universal (H11/H8/H16)', ARRAY['H11', 'H8', 'H16'], 'Universal fog light fitment', True) ON CONFLICT DO NOTHING;
INSERT INTO public.variant_definitions ("id", "created_at", "base_name", "variant_name", "display_name", "compatibility_list", "description", "is_active") VALUES (9, '2026-02-15T12:12:09.933322+00:00', 'LED Fog Light', '880/881', 'Fog (880/881)', ARRAY['880', '881'], 'Small fog light', True) ON CONFLICT DO NOTHING;
INSERT INTO public.variant_definitions ("id", "created_at", "base_name", "variant_name", "display_name", "compatibility_list", "description", "is_active") VALUES (10, '2026-02-15T12:12:09.933322+00:00', 'LED Signal', '1156/BA15S', 'Single Contact (1156)', ARRAY['1156', 'BA15S'], 'Turn signal / Reverse', True) ON CONFLICT DO NOTHING;
INSERT INTO public.variant_definitions ("id", "created_at", "base_name", "variant_name", "display_name", "compatibility_list", "description", "is_active") VALUES (11, '2026-02-15T12:12:09.933322+00:00', 'LED Signal', '7440/T20', 'Wedge Base (7440)', ARRAY['7440', 'T20'], 'Turn signal', True) ON CONFLICT DO NOTHING;
INSERT INTO public.variant_definitions ("id", "created_at", "base_name", "variant_name", "display_name", "compatibility_list", "description", "is_active") VALUES (12, '2026-02-15T12:12:09.933322+00:00', 'LED Brake', '1157/BAY15D', 'Double Contact (1157)', ARRAY['1157', 'BAY15D'], 'Brake/Tail light', True) ON CONFLICT DO NOTHING;
INSERT INTO public.variant_definitions ("id", "created_at", "base_name", "variant_name", "display_name", "compatibility_list", "description", "is_active") VALUES (13, '2026-02-15T12:12:09.933322+00:00', 'LED Brake', '7443/T20', 'Wedge Double (7443)', ARRAY['7443', 'T20'], 'Brake/Tail light', True) ON CONFLICT DO NOTHING;
INSERT INTO public.variant_definitions ("id", "created_at", "base_name", "variant_name", "display_name", "compatibility_list", "description", "is_active") VALUES (14, '2026-02-15T12:12:09.933322+00:00', 'Interior LED', 'T10/194/168', 'Wedge T10 (Universal)', ARRAY['T10', '194', '168'], 'Parking/Interior/Plate', True) ON CONFLICT DO NOTHING;
INSERT INTO public.variant_definitions ("id", "created_at", "base_name", "variant_name", "display_name", "compatibility_list", "description", "is_active") VALUES (15, '2026-02-15T12:12:09.933322+00:00', 'Interior LED', 'Festoon 31mm', 'Festoon 31mm', ARRAY['31mm'], 'Dome light', True) ON CONFLICT DO NOTHING;
INSERT INTO public.variant_definitions ("id", "created_at", "base_name", "variant_name", "display_name", "compatibility_list", "description", "is_active") VALUES (16, '2026-02-15T12:12:09.933322+00:00', 'Interior LED', 'Festoon 36mm', 'Festoon 36mm', ARRAY['36mm'], 'Dome light', True) ON CONFLICT DO NOTHING;
INSERT INTO public.variant_definitions ("id", "created_at", "base_name", "variant_name", "display_name", "compatibility_list", "description", "is_active") VALUES (17, '2026-02-15T16:02:47.309202+00:00', 'Simple Bulb', 'H13', 'H13', ARRAY['H13'], 'Standard H13', True) ON CONFLICT DO NOTHING;
INSERT INTO public.variant_definitions ("id", "created_at", "base_name", "variant_name", "display_name", "compatibility_list", "description", "is_active") VALUES (18, '2026-02-15T16:14:45.801102+00:00', 'Simple Bulb', 'H11', 'H11', ARRAY['H11'], 'Standard H11', True) ON CONFLICT DO NOTHING;
INSERT INTO public.variant_definitions ("id", "created_at", "base_name", "variant_name", "display_name", "compatibility_list", "description", "is_active") VALUES (19, '2026-02-15T16:15:38.740664+00:00', 'Simple Bulb', 'Festoon 41mm', 'Festoon 41mm', ARRAY['Festoon 41mm'], 'Standard Festoon 41mm', True) ON CONFLICT DO NOTHING;
INSERT INTO public.variant_definitions ("id", "created_at", "base_name", "variant_name", "display_name", "compatibility_list", "description", "is_active") VALUES (20, '2026-02-16T01:42:51.462139+00:00', 'Simple Bulb', 'D2S', 'D2S', ARRAY['D2S'], 'Standard D2S', True) ON CONFLICT DO NOTHING;
INSERT INTO public.variant_definitions ("id", "created_at", "base_name", "variant_name", "display_name", "compatibility_list", "description", "is_active") VALUES (21, '2026-02-16T01:43:42.742359+00:00', 'Simple Bulb', 'D1S', 'D1S', ARRAY['D1S'], 'Standard D1S', True) ON CONFLICT DO NOTHING;
INSERT INTO public.variant_definitions ("id", "created_at", "base_name", "variant_name", "display_name", "compatibility_list", "description", "is_active") VALUES (22, '2026-02-16T04:02:01.892255+00:00', 'Simple Bulb', '9005 (HB3)', '9005 (HB3)', ARRAY['9005 (HB3)'], 'Standard 9005 (HB3)', True) ON CONFLICT DO NOTHING;
INSERT INTO public.variant_definitions ("id", "created_at", "base_name", "variant_name", "display_name", "compatibility_list", "description", "is_active") VALUES (23, '2026-02-16T05:39:09.432152+00:00', 'Simple Bulb', '9012 (HIR2)', '9012 (HIR2)', ARRAY['9012 (HIR2)'], 'Standard 9012 (HIR2)', True) ON CONFLICT DO NOTHING;
INSERT INTO public.variant_definitions ("id", "created_at", "base_name", "variant_name", "display_name", "compatibility_list", "description", "is_active") VALUES (24, '2026-02-17T03:57:53.340187+00:00', 'Simple Bulb', 'H1', 'H1', ARRAY['H1'], 'Standard H1', True) ON CONFLICT DO NOTHING;
INSERT INTO public.variant_definitions ("id", "created_at", "base_name", "variant_name", "display_name", "compatibility_list", "description", "is_active") VALUES (25, '2026-02-17T03:58:47.351891+00:00', 'Simple Bulb', '9006 (HB4)', '9006 (HB4)', ARRAY['9006 (HB4)'], 'Standard 9006 (HB4)', True) ON CONFLICT DO NOTHING;
INSERT INTO public.variant_definitions ("id", "created_at", "base_name", "variant_name", "display_name", "compatibility_list", "description", "is_active") VALUES (26, '2026-02-17T04:02:21.484399+00:00', 'Simple Bulb', 'H27', 'H27', ARRAY['H27'], 'Standard H27', True) ON CONFLICT DO NOTHING;
INSERT INTO public.variant_definitions ("id", "created_at", "base_name", "variant_name", "display_name", "compatibility_list", "description", "is_active") VALUES (27, '2026-02-17T04:15:43.76334+00:00', 'Simple Bulb', 'H4', 'H4', ARRAY['H4'], 'Standard H4', True) ON CONFLICT DO NOTHING;
INSERT INTO public.variant_definitions ("id", "created_at", "base_name", "variant_name", "display_name", "compatibility_list", "description", "is_active") VALUES (28, '2026-02-17T23:12:03.507824+00:00', 'Simple Variant', '12"', '12"', ARRAY['12"'], 'Standard 12"', True) ON CONFLICT DO NOTHING;
INSERT INTO public.variant_definitions ("id", "created_at", "base_name", "variant_name", "display_name", "compatibility_list", "description", "is_active") VALUES (29, '2026-02-17T23:12:49.697065+00:00', 'Simple Variant', '16"', '16"', ARRAY['16"'], 'Standard 16"', True) ON CONFLICT DO NOTHING;
INSERT INTO public.variant_definitions ("id", "created_at", "base_name", "variant_name", "display_name", "compatibility_list", "description", "is_active") VALUES (30, '2026-02-17T23:13:24.789725+00:00', 'Simple Variant', '17"', '17"', ARRAY['17"'], 'Standard 17"', True) ON CONFLICT DO NOTHING;
INSERT INTO public.variant_definitions ("id", "created_at", "base_name", "variant_name", "display_name", "compatibility_list", "description", "is_active") VALUES (31, '2026-02-17T23:13:44.575145+00:00', 'Simple Variant', '18"', '18"', ARRAY['18"'], 'Standard 18"', True) ON CONFLICT DO NOTHING;
INSERT INTO public.variant_definitions ("id", "created_at", "base_name", "variant_name", "display_name", "compatibility_list", "description", "is_active") VALUES (32, '2026-02-17T23:14:03.960222+00:00', 'Simple Variant', '19"', '19"', ARRAY['19"'], 'Standard 19"', True) ON CONFLICT DO NOTHING;
INSERT INTO public.variant_definitions ("id", "created_at", "base_name", "variant_name", "display_name", "compatibility_list", "description", "is_active") VALUES (33, '2026-02-17T23:14:33.445326+00:00', 'Simple Variant', '20"', '20"', ARRAY['20"'], 'Standard 20"', True) ON CONFLICT DO NOTHING;
INSERT INTO public.variant_definitions ("id", "created_at", "base_name", "variant_name", "display_name", "compatibility_list", "description", "is_active") VALUES (34, '2026-02-17T23:15:07.52315+00:00', 'Simple Variant', '22"', '22"', ARRAY['22"'], 'Standard 22"', True) ON CONFLICT DO NOTHING;
INSERT INTO public.variant_definitions ("id", "created_at", "base_name", "variant_name", "display_name", "compatibility_list", "description", "is_active") VALUES (35, '2026-02-17T23:15:30.764856+00:00', 'Simple Variant', '24"', '24"', ARRAY['24"'], 'Standard 24"', True) ON CONFLICT DO NOTHING;
INSERT INTO public.variant_definitions ("id", "created_at", "base_name", "variant_name", "display_name", "compatibility_list", "description", "is_active") VALUES (36, '2026-02-17T23:16:00.635179+00:00', 'Simple Variant', '26"', '26"', ARRAY['26"'], 'Standard 26"', True) ON CONFLICT DO NOTHING;
INSERT INTO public.variant_definitions ("id", "created_at", "base_name", "variant_name", "display_name", "compatibility_list", "description", "is_active") VALUES (37, '2026-02-17T23:24:42.040657+00:00', 'Simple Variant', '14"', '14"', ARRAY['14"'], 'Standard 14"', True) ON CONFLICT DO NOTHING;
INSERT INTO public.variant_definitions ("id", "created_at", "base_name", "variant_name", "display_name", "compatibility_list", "description", "is_active") VALUES (38, '2026-02-17T23:33:26.320003+00:00', 'Simple Variant', '28"', '28"', ARRAY['28"'], 'Standard 28"', True) ON CONFLICT DO NOTHING;
INSERT INTO public.variant_definitions ("id", "created_at", "base_name", "variant_name", "display_name", "compatibility_list", "description", "is_active") VALUES (39, '2026-02-17T23:40:35.038579+00:00', 'Simple Variant', '10"', '10"', ARRAY['10"'], 'Standard 10"', True) ON CONFLICT DO NOTHING;
INSERT INTO public.variant_definitions ("id", "created_at", "base_name", "variant_name", "display_name", "compatibility_list", "description", "is_active") VALUES (40, '2026-02-17T23:41:09.010751+00:00', 'Simple Variant', '11"', '11"', ARRAY['11"'], 'Standard 11"', True) ON CONFLICT DO NOTHING;
INSERT INTO public.variant_definitions ("id", "created_at", "base_name", "variant_name", "display_name", "compatibility_list", "description", "is_active") VALUES (41, '2026-02-17T23:42:27.15767+00:00', 'Simple Variant', '13"', '13"', ARRAY['13"'], 'Standard 13"', True) ON CONFLICT DO NOTHING;

-- Table: products
INSERT INTO public.products ("id", "created_at", "updated_at", "name", "sku", "barcode", "brand", "category_id", "variant_type_id", "supplier_id", "selling_price", "cost_price", "stock_quantity", "min_stock_level", "reorder_level", "description", "image_url", "voltage", "wattage", "color_temperature", "lumens", "beam_type", "specifications", "has_variants") VALUES (8, '2026-02-17T04:11:21.176012+00:00', '2026-02-17T04:38:59.744056+00:00', 'GPNE RS7 ', NULL, NULL, 'GPNE', NULL, NULL, NULL, 0.0, 0.0, 1, 1, 1, NULL, NULL, NULL, NULL, NULL, NULL, NULL, '{"internal_notes": "PARENT"}'::jsonb, True) ON CONFLICT DO NOTHING;
INSERT INTO public.products ("id", "created_at", "updated_at", "name", "sku", "barcode", "brand", "category_id", "variant_type_id", "supplier_id", "selling_price", "cost_price", "stock_quantity", "min_stock_level", "reorder_level", "description", "image_url", "voltage", "wattage", "color_temperature", "lumens", "beam_type", "specifications", "has_variants") VALUES (7, '2026-02-17T04:02:59.507517+00:00', '2026-02-17T04:39:14.462997+00:00', 'GPNE R6', NULL, NULL, 'GPNE', NULL, NULL, NULL, 0.0, 0.0, 1, 1, 1, NULL, NULL, NULL, NULL, NULL, NULL, NULL, '{"last_restock": {"date": "2026-02-17T04:04:09.409Z", "quantity": 1}, "internal_notes": "PARENT"}'::jsonb, True) ON CONFLICT DO NOTHING;
INSERT INTO public.products ("id", "created_at", "updated_at", "name", "sku", "barcode", "brand", "category_id", "variant_type_id", "supplier_id", "selling_price", "cost_price", "stock_quantity", "min_stock_level", "reorder_level", "description", "image_url", "voltage", "wattage", "color_temperature", "lumens", "beam_type", "specifications", "has_variants") VALUES (11, '2026-02-17T05:00:24.255216+00:00', '2026-02-17T05:02:15.962006+00:00', 'Osram Night Breaker', NULL, NULL, 'Osram', NULL, NULL, NULL, 0.0, 0.0, 1, 1, 1, NULL, NULL, NULL, NULL, NULL, NULL, NULL, '{"internal_notes": "PARENT"}'::jsonb, True) ON CONFLICT DO NOTHING;
INSERT INTO public.products ("id", "created_at", "updated_at", "name", "sku", "barcode", "brand", "category_id", "variant_type_id", "supplier_id", "selling_price", "cost_price", "stock_quantity", "min_stock_level", "reorder_level", "description", "image_url", "voltage", "wattage", "color_temperature", "lumens", "beam_type", "specifications", "has_variants") VALUES (10, '2026-02-17T04:17:57.484314+00:00', '2026-02-17T23:08:04.098399+00:00', 'GPNE R3', NULL, NULL, 'GPNE', NULL, NULL, NULL, 0.0, 0.0, 1, 5, 5, NULL, NULL, NULL, NULL, '', NULL, NULL, '{"tags": [], "last_restock": {"date": "2026-02-17T04:18:19.295Z", "quantity": 1}, "internal_notes": "PARENT"}'::jsonb, True) ON CONFLICT DO NOTHING;
INSERT INTO public.products ("id", "created_at", "updated_at", "name", "sku", "barcode", "brand", "category_id", "variant_type_id", "supplier_id", "selling_price", "cost_price", "stock_quantity", "min_stock_level", "reorder_level", "description", "image_url", "voltage", "wattage", "color_temperature", "lumens", "beam_type", "specifications", "has_variants") VALUES (9, '2026-02-17T04:15:45.203966+00:00', '2026-02-17T23:08:26.905245+00:00', 'GPNE RS6X', NULL, NULL, 'GPNE', NULL, NULL, NULL, 0.0, 0.0, 1, 5, 5, NULL, NULL, NULL, NULL, 'Dual Color', NULL, NULL, '{"tags": [], "internal_notes": "PARENT"}'::jsonb, True) ON CONFLICT DO NOTHING;
INSERT INTO public.products ("id", "created_at", "updated_at", "name", "sku", "barcode", "brand", "category_id", "variant_type_id", "supplier_id", "selling_price", "cost_price", "stock_quantity", "min_stock_level", "reorder_level", "description", "image_url", "voltage", "wattage", "color_temperature", "lumens", "beam_type", "specifications", "has_variants") VALUES (12, '2026-02-17T23:21:20.810204+00:00', '2026-02-17T23:42:31.30212+00:00', 'Aero Vogue Flex', NULL, NULL, 'PIAA', 6, NULL, NULL, 0.0, 0.0, 1, 1, 1, NULL, NULL, NULL, NULL, NULL, NULL, NULL, '{"tags": [], "last_restock": {"date": "2026-02-17T23:21:56.532Z", "quantity": 1}, "internal_notes": ""}'::jsonb, True) ON CONFLICT DO NOTHING;

-- Table: product_variants
INSERT INTO public.product_variants ("id", "created_at", "product_id", "variant_id", "variant_type", "color_temperature", "variant_sku", "variant_barcode", "selling_price", "cost_price", "stock_quantity", "min_stock_level", "is_primary", "description", "price_adjustment", "variant_color") VALUES (29, '2026-02-17T04:17:57.707266+00:00', 10, 24, 'H1', '4300', 'null-29', NULL, 5000.0, 0.0, 1, 5, False, NULL, 0.0, NULL) ON CONFLICT DO NOTHING;
INSERT INTO public.product_variants ("id", "created_at", "product_id", "variant_id", "variant_type", "color_temperature", "variant_sku", "variant_barcode", "selling_price", "cost_price", "stock_quantity", "min_stock_level", "is_primary", "description", "price_adjustment", "variant_color") VALUES (30, '2026-02-17T05:00:24.721951+00:00', 11, 27, 'H4', '0', 'null-30', NULL, 3750.0, 0.0, 8, 5, False, NULL, 0.0, 'universal
') ON CONFLICT DO NOTHING;
INSERT INTO public.product_variants ("id", "created_at", "product_id", "variant_id", "variant_type", "color_temperature", "variant_sku", "variant_barcode", "selling_price", "cost_price", "stock_quantity", "min_stock_level", "is_primary", "description", "price_adjustment", "variant_color") VALUES (28, '2026-02-17T04:15:45.483932+00:00', 9, 27, 'H4', 'Dual Color', 'null-28', NULL, 6000.0, 0.0, 1, 5, False, NULL, 0.0, NULL) ON CONFLICT DO NOTHING;
INSERT INTO public.product_variants ("id", "created_at", "product_id", "variant_id", "variant_type", "color_temperature", "variant_sku", "variant_barcode", "selling_price", "cost_price", "stock_quantity", "min_stock_level", "is_primary", "description", "price_adjustment", "variant_color") VALUES (27, '2026-02-17T04:15:45.483932+00:00', 9, 22, '9005 (HB3)', 'Dual Color', 'null-27', NULL, 6000.0, 0.0, 3, 5, False, NULL, 0.0, NULL) ON CONFLICT DO NOTHING;
INSERT INTO public.product_variants ("id", "created_at", "product_id", "variant_id", "variant_type", "color_temperature", "variant_sku", "variant_barcode", "selling_price", "cost_price", "stock_quantity", "min_stock_level", "is_primary", "description", "price_adjustment", "variant_color") VALUES (32, '2026-02-17T23:21:21.200279+00:00', 12, 28, '12"', 'Red', NULL, NULL, 1100.0, 0.0, 5, 5, False, '', 0.0, 'RedK') ON CONFLICT DO NOTHING;
INSERT INTO public.product_variants ("id", "created_at", "product_id", "variant_id", "variant_type", "color_temperature", "variant_sku", "variant_barcode", "selling_price", "cost_price", "stock_quantity", "min_stock_level", "is_primary", "description", "price_adjustment", "variant_color") VALUES (33, '2026-02-17T23:21:21.200279+00:00', 12, 29, '16"', 'Red', NULL, NULL, 1100.0, 0.0, 3, 5, False, '', 0.0, 'RedK') ON CONFLICT DO NOTHING;
INSERT INTO public.product_variants ("id", "created_at", "product_id", "variant_id", "variant_type", "color_temperature", "variant_sku", "variant_barcode", "selling_price", "cost_price", "stock_quantity", "min_stock_level", "is_primary", "description", "price_adjustment", "variant_color") VALUES (34, '2026-02-17T23:21:21.200279+00:00', 12, 30, '17"', 'Red', NULL, NULL, 1100.0, 0.0, 5, 5, False, '', 0.0, 'RedK') ON CONFLICT DO NOTHING;
INSERT INTO public.product_variants ("id", "created_at", "product_id", "variant_id", "variant_type", "color_temperature", "variant_sku", "variant_barcode", "selling_price", "cost_price", "stock_quantity", "min_stock_level", "is_primary", "description", "price_adjustment", "variant_color") VALUES (35, '2026-02-17T23:21:21.200279+00:00', 12, 31, '18"', 'Red', NULL, NULL, 1100.0, 0.0, 12, 5, False, '', 0.0, 'RedK') ON CONFLICT DO NOTHING;
INSERT INTO public.product_variants ("id", "created_at", "product_id", "variant_id", "variant_type", "color_temperature", "variant_sku", "variant_barcode", "selling_price", "cost_price", "stock_quantity", "min_stock_level", "is_primary", "description", "price_adjustment", "variant_color") VALUES (36, '2026-02-17T23:21:21.200279+00:00', 12, 32, '19"', 'Red', NULL, NULL, 1100.0, 0.0, 3, 5, False, '', 0.0, 'RedK') ON CONFLICT DO NOTHING;
INSERT INTO public.product_variants ("id", "created_at", "product_id", "variant_id", "variant_type", "color_temperature", "variant_sku", "variant_barcode", "selling_price", "cost_price", "stock_quantity", "min_stock_level", "is_primary", "description", "price_adjustment", "variant_color") VALUES (37, '2026-02-17T23:21:21.200279+00:00', 12, 33, '20"', 'Red', NULL, NULL, 1200.0, 0.0, 5, 5, False, '', 0.0, 'RedK') ON CONFLICT DO NOTHING;
INSERT INTO public.product_variants ("id", "created_at", "product_id", "variant_id", "variant_type", "color_temperature", "variant_sku", "variant_barcode", "selling_price", "cost_price", "stock_quantity", "min_stock_level", "is_primary", "description", "price_adjustment", "variant_color") VALUES (38, '2026-02-17T23:21:21.200279+00:00', 12, 34, '22"', 'Red', NULL, NULL, 1200.0, 0.0, 5, 5, False, '', 0.0, 'RedK') ON CONFLICT DO NOTHING;
INSERT INTO public.product_variants ("id", "created_at", "product_id", "variant_id", "variant_type", "color_temperature", "variant_sku", "variant_barcode", "selling_price", "cost_price", "stock_quantity", "min_stock_level", "is_primary", "description", "price_adjustment", "variant_color") VALUES (39, '2026-02-17T23:21:21.200279+00:00', 12, 35, '24"', 'Red', NULL, NULL, 1300.0, 0.0, 5, 5, False, '', 0.0, 'RedK') ON CONFLICT DO NOTHING;
INSERT INTO public.product_variants ("id", "created_at", "product_id", "variant_id", "variant_type", "color_temperature", "variant_sku", "variant_barcode", "selling_price", "cost_price", "stock_quantity", "min_stock_level", "is_primary", "description", "price_adjustment", "variant_color") VALUES (40, '2026-02-17T23:21:21.200279+00:00', 12, 36, '26"', 'Red', NULL, NULL, 1300.0, 0.0, 4, 5, False, '', 0.0, 'RedK') ON CONFLICT DO NOTHING;
INSERT INTO public.product_variants ("id", "created_at", "product_id", "variant_id", "variant_type", "color_temperature", "variant_sku", "variant_barcode", "selling_price", "cost_price", "stock_quantity", "min_stock_level", "is_primary", "description", "price_adjustment", "variant_color") VALUES (42, '2026-02-17T23:25:59.28453+00:00', 12, 29, '16"', 'Purple', NULL, NULL, 1300.0, 0.0, 5, 5, False, NULL, 0.0, NULL) ON CONFLICT DO NOTHING;
INSERT INTO public.product_variants ("id", "created_at", "product_id", "variant_id", "variant_type", "color_temperature", "variant_sku", "variant_barcode", "selling_price", "cost_price", "stock_quantity", "min_stock_level", "is_primary", "description", "price_adjustment", "variant_color") VALUES (15, '2026-02-17T04:02:59.920591+00:00', 7, 25, '9006 (HB4)', '4300', 'null-15', NULL, 6000.0, NULL, 9, 5, False, NULL, 0.0, NULL) ON CONFLICT DO NOTHING;
INSERT INTO public.product_variants ("id", "created_at", "product_id", "variant_id", "variant_type", "color_temperature", "variant_sku", "variant_barcode", "selling_price", "cost_price", "stock_quantity", "min_stock_level", "is_primary", "description", "price_adjustment", "variant_color") VALUES (17, '2026-02-17T04:02:59.920591+00:00', 7, 25, '9006 (HB4)', '6000', 'null-17', NULL, 6000.0, 0.0, 5, 5, False, NULL, 0.0, NULL) ON CONFLICT DO NOTHING;
INSERT INTO public.product_variants ("id", "created_at", "product_id", "variant_id", "variant_type", "color_temperature", "variant_sku", "variant_barcode", "selling_price", "cost_price", "stock_quantity", "min_stock_level", "is_primary", "description", "price_adjustment", "variant_color") VALUES (24, '2026-02-17T04:02:59.920591+00:00', 7, 26, 'H27', '6000', 'null-24', NULL, 6000.0, 0.0, 2, 5, False, NULL, 0.0, NULL) ON CONFLICT DO NOTHING;
INSERT INTO public.product_variants ("id", "created_at", "product_id", "variant_id", "variant_type", "color_temperature", "variant_sku", "variant_barcode", "selling_price", "cost_price", "stock_quantity", "min_stock_level", "is_primary", "description", "price_adjustment", "variant_color") VALUES (23, '2026-02-17T04:02:59.920591+00:00', 7, 26, 'H27', '4300', 'null-23', NULL, 6000.0, 0.0, 1, 5, False, NULL, 0.0, NULL) ON CONFLICT DO NOTHING;
INSERT INTO public.product_variants ("id", "created_at", "product_id", "variant_id", "variant_type", "color_temperature", "variant_sku", "variant_barcode", "selling_price", "cost_price", "stock_quantity", "min_stock_level", "is_primary", "description", "price_adjustment", "variant_color") VALUES (22, '2026-02-17T04:02:59.920591+00:00', 7, 23, '9012 (HIR2)', '4300', 'null-22', NULL, 6000.0, 0.0, 5, 5, False, NULL, 0.0, NULL) ON CONFLICT DO NOTHING;
INSERT INTO public.product_variants ("id", "created_at", "product_id", "variant_id", "variant_type", "color_temperature", "variant_sku", "variant_barcode", "selling_price", "cost_price", "stock_quantity", "min_stock_level", "is_primary", "description", "price_adjustment", "variant_color") VALUES (21, '2026-02-17T04:02:59.920591+00:00', 7, 23, '9012 (HIR2)', '6000', 'null-21', NULL, 6000.0, 0.0, 6, 5, False, NULL, 0.0, NULL) ON CONFLICT DO NOTHING;
INSERT INTO public.product_variants ("id", "created_at", "product_id", "variant_id", "variant_type", "color_temperature", "variant_sku", "variant_barcode", "selling_price", "cost_price", "stock_quantity", "min_stock_level", "is_primary", "description", "price_adjustment", "variant_color") VALUES (20, '2026-02-17T04:02:59.920591+00:00', 7, 22, '9005 (HB3)', '4300', 'null-20', NULL, 6000.0, 0.0, 3, 5, False, NULL, 0.0, NULL) ON CONFLICT DO NOTHING;
INSERT INTO public.product_variants ("id", "created_at", "product_id", "variant_id", "variant_type", "color_temperature", "variant_sku", "variant_barcode", "selling_price", "cost_price", "stock_quantity", "min_stock_level", "is_primary", "description", "price_adjustment", "variant_color") VALUES (16, '2026-02-17T04:02:59.920591+00:00', 7, 24, 'H1', '6000', 'null-16', NULL, 6000.0, 6000.0, 3, 5, False, NULL, 0.0, NULL) ON CONFLICT DO NOTHING;
INSERT INTO public.product_variants ("id", "created_at", "product_id", "variant_id", "variant_type", "color_temperature", "variant_sku", "variant_barcode", "selling_price", "cost_price", "stock_quantity", "min_stock_level", "is_primary", "description", "price_adjustment", "variant_color") VALUES (18, '2026-02-17T04:02:59.920591+00:00', 7, 3, 'H7', '6000', 'null-18', NULL, 6000.0, 0.0, 1, 5, False, NULL, 0.0, NULL) ON CONFLICT DO NOTHING;
INSERT INTO public.product_variants ("id", "created_at", "product_id", "variant_id", "variant_type", "color_temperature", "variant_sku", "variant_barcode", "selling_price", "cost_price", "stock_quantity", "min_stock_level", "is_primary", "description", "price_adjustment", "variant_color") VALUES (19, '2026-02-17T04:02:59.920591+00:00', 7, 3, 'H7', '4300', 'null-19', NULL, 6000.0, 0.0, 2, 5, False, NULL, 0.0, NULL) ON CONFLICT DO NOTHING;
INSERT INTO public.product_variants ("id", "created_at", "product_id", "variant_id", "variant_type", "color_temperature", "variant_sku", "variant_barcode", "selling_price", "cost_price", "stock_quantity", "min_stock_level", "is_primary", "description", "price_adjustment", "variant_color") VALUES (26, '2026-02-17T04:11:21.427321+00:00', 8, 22, '9005 (HB3)', '6000', 'null-26', NULL, 8500.0, 0.0, 1, 5, False, NULL, 0.0, NULL) ON CONFLICT DO NOTHING;
INSERT INTO public.product_variants ("id", "created_at", "product_id", "variant_id", "variant_type", "color_temperature", "variant_sku", "variant_barcode", "selling_price", "cost_price", "stock_quantity", "min_stock_level", "is_primary", "description", "price_adjustment", "variant_color") VALUES (25, '2026-02-17T04:11:21.427321+00:00', 8, 25, '9006 (HB4)', '6000', 'null-25', NULL, 8500.0, 0.0, 1, 5, False, NULL, 0.0, NULL) ON CONFLICT DO NOTHING;
INSERT INTO public.product_variants ("id", "created_at", "product_id", "variant_id", "variant_type", "color_temperature", "variant_sku", "variant_barcode", "selling_price", "cost_price", "stock_quantity", "min_stock_level", "is_primary", "description", "price_adjustment", "variant_color") VALUES (41, '2026-02-17T23:24:42.748564+00:00', 12, 37, '14"', 'Purple', 'null-41', NULL, 1200.0, 0.0, 7, 5, False, NULL, 0.0, NULL) ON CONFLICT DO NOTHING;
INSERT INTO public.product_variants ("id", "created_at", "product_id", "variant_id", "variant_type", "color_temperature", "variant_sku", "variant_barcode", "selling_price", "cost_price", "stock_quantity", "min_stock_level", "is_primary", "description", "price_adjustment", "variant_color") VALUES (43, '2026-02-17T23:27:29.406148+00:00', 12, 30, '17"', 'Purple', NULL, NULL, 1350.0, 0.0, 1, 5, False, NULL, 0.0, NULL) ON CONFLICT DO NOTHING;
INSERT INTO public.product_variants ("id", "created_at", "product_id", "variant_id", "variant_type", "color_temperature", "variant_sku", "variant_barcode", "selling_price", "cost_price", "stock_quantity", "min_stock_level", "is_primary", "description", "price_adjustment", "variant_color") VALUES (44, '2026-02-17T23:28:06.916971+00:00', 12, 31, '18"', 'Purple', NULL, NULL, 1400.0, 0.0, 4, 5, False, NULL, 0.0, NULL) ON CONFLICT DO NOTHING;
INSERT INTO public.product_variants ("id", "created_at", "product_id", "variant_id", "variant_type", "color_temperature", "variant_sku", "variant_barcode", "selling_price", "cost_price", "stock_quantity", "min_stock_level", "is_primary", "description", "price_adjustment", "variant_color") VALUES (45, '2026-02-17T23:28:35.061509+00:00', 12, 32, '19"', 'Purple', NULL, NULL, 1400.0, 0.0, 4, 5, False, NULL, 0.0, NULL) ON CONFLICT DO NOTHING;
INSERT INTO public.product_variants ("id", "created_at", "product_id", "variant_id", "variant_type", "color_temperature", "variant_sku", "variant_barcode", "selling_price", "cost_price", "stock_quantity", "min_stock_level", "is_primary", "description", "price_adjustment", "variant_color") VALUES (46, '2026-02-17T23:29:24.32874+00:00', 12, 33, '20"', 'Purple', 'null-46', NULL, 1500.0, 0.0, 3, 5, False, NULL, 0.0, 'Purple') ON CONFLICT DO NOTHING;
INSERT INTO public.product_variants ("id", "created_at", "product_id", "variant_id", "variant_type", "color_temperature", "variant_sku", "variant_barcode", "selling_price", "cost_price", "stock_quantity", "min_stock_level", "is_primary", "description", "price_adjustment", "variant_color") VALUES (47, '2026-02-17T23:30:12.504051+00:00', 12, 34, '22"', 'Purple', 'null-47', NULL, 1400.0, 0.0, 5, 5, False, NULL, 0.0, 'Purple') ON CONFLICT DO NOTHING;
INSERT INTO public.product_variants ("id", "created_at", "product_id", "variant_id", "variant_type", "color_temperature", "variant_sku", "variant_barcode", "selling_price", "cost_price", "stock_quantity", "min_stock_level", "is_primary", "description", "price_adjustment", "variant_color") VALUES (48, '2026-02-17T23:30:59.20278+00:00', 12, 35, '24"', 'Purple', 'null-48', NULL, 1600.0, 0.0, 8, 5, False, NULL, 0.0, 'Purple') ON CONFLICT DO NOTHING;
INSERT INTO public.product_variants ("id", "created_at", "product_id", "variant_id", "variant_type", "color_temperature", "variant_sku", "variant_barcode", "selling_price", "cost_price", "stock_quantity", "min_stock_level", "is_primary", "description", "price_adjustment", "variant_color") VALUES (49, '2026-02-17T23:33:28.968284+00:00', 12, 38, '28"', 'Purple', 'null-49', NULL, 1800.0, 0.0, 5, 5, False, NULL, 0.0, 'Purple') ON CONFLICT DO NOTHING;
INSERT INTO public.product_variants ("id", "created_at", "product_id", "variant_id", "variant_type", "color_temperature", "variant_sku", "variant_barcode", "selling_price", "cost_price", "stock_quantity", "min_stock_level", "is_primary", "description", "price_adjustment", "variant_color") VALUES (51, '2026-02-17T23:37:55.388727+00:00', 12, 29, '16"', 'Green', NULL, NULL, 1200.0, 0.0, 5, 5, False, NULL, 0.0, NULL) ON CONFLICT DO NOTHING;
INSERT INTO public.product_variants ("id", "created_at", "product_id", "variant_id", "variant_type", "color_temperature", "variant_sku", "variant_barcode", "selling_price", "cost_price", "stock_quantity", "min_stock_level", "is_primary", "description", "price_adjustment", "variant_color") VALUES (52, '2026-02-17T23:38:19.991003+00:00', 12, 32, '19"', 'Green', NULL, NULL, 1400.0, 0.0, 2, 5, False, NULL, 0.0, NULL) ON CONFLICT DO NOTHING;
INSERT INTO public.product_variants ("id", "created_at", "product_id", "variant_id", "variant_type", "color_temperature", "variant_sku", "variant_barcode", "selling_price", "cost_price", "stock_quantity", "min_stock_level", "is_primary", "description", "price_adjustment", "variant_color") VALUES (53, '2026-02-17T23:39:03.677297+00:00', 12, 33, '20"', 'Green', NULL, NULL, 1500.0, 0.0, 4, 5, False, NULL, 0.0, NULL) ON CONFLICT DO NOTHING;
INSERT INTO public.product_variants ("id", "created_at", "product_id", "variant_id", "variant_type", "color_temperature", "variant_sku", "variant_barcode", "selling_price", "cost_price", "stock_quantity", "min_stock_level", "is_primary", "description", "price_adjustment", "variant_color") VALUES (54, '2026-02-17T23:39:22.984673+00:00', 12, 34, '22"', 'Green', NULL, NULL, 1500.0, 0.0, 9, 5, False, NULL, 0.0, NULL) ON CONFLICT DO NOTHING;
INSERT INTO public.product_variants ("id", "created_at", "product_id", "variant_id", "variant_type", "color_temperature", "variant_sku", "variant_barcode", "selling_price", "cost_price", "stock_quantity", "min_stock_level", "is_primary", "description", "price_adjustment", "variant_color") VALUES (55, '2026-02-17T23:39:56.375832+00:00', 12, 35, '24"', 'Green', NULL, NULL, 1600.0, 0.0, 5, 5, False, NULL, 0.0, NULL) ON CONFLICT DO NOTHING;
INSERT INTO public.product_variants ("id", "created_at", "product_id", "variant_id", "variant_type", "color_temperature", "variant_sku", "variant_barcode", "selling_price", "cost_price", "stock_quantity", "min_stock_level", "is_primary", "description", "price_adjustment", "variant_color") VALUES (56, '2026-02-17T23:40:35.69054+00:00', 12, 39, '10"', 'Yellow', NULL, NULL, 1000.0, 0.0, 5, 5, False, NULL, 0.0, NULL) ON CONFLICT DO NOTHING;
INSERT INTO public.product_variants ("id", "created_at", "product_id", "variant_id", "variant_type", "color_temperature", "variant_sku", "variant_barcode", "selling_price", "cost_price", "stock_quantity", "min_stock_level", "is_primary", "description", "price_adjustment", "variant_color") VALUES (57, '2026-02-17T23:41:09.700261+00:00', 12, 40, '11"', 'Yellow', NULL, NULL, 1050.0, 0.0, 4, 5, False, NULL, 0.0, NULL) ON CONFLICT DO NOTHING;
INSERT INTO public.product_variants ("id", "created_at", "product_id", "variant_id", "variant_type", "color_temperature", "variant_sku", "variant_barcode", "selling_price", "cost_price", "stock_quantity", "min_stock_level", "is_primary", "description", "price_adjustment", "variant_color") VALUES (58, '2026-02-17T23:41:34.741267+00:00', 12, 28, '12"', 'Yellow', NULL, NULL, 1100.0, 0.0, 5, 5, False, NULL, 0.0, NULL) ON CONFLICT DO NOTHING;
INSERT INTO public.product_variants ("id", "created_at", "product_id", "variant_id", "variant_type", "color_temperature", "variant_sku", "variant_barcode", "selling_price", "cost_price", "stock_quantity", "min_stock_level", "is_primary", "description", "price_adjustment", "variant_color") VALUES (59, '2026-02-17T23:42:27.987196+00:00', 12, 41, '13"', 'Yellow', NULL, NULL, 1150.0, 0.0, 5, 5, False, NULL, 0.0, NULL) ON CONFLICT DO NOTHING;

